Phi[deg],Theta[deg],dB(DirTotal)
-180,0,-52.0005
-178,0,-52.0005
-176,0,-52.0005
-174,0,-52.0005
-172,0,-52.0005
-170,0,-52.0005
-168,0,-52.0005
-166,0,-52.0005
-164,0,-52.0005
-162,0,-52.0005
-160,0,-52.0005
-158,0,-52.0005
-156,0,-52.0005
-154,0,-52.0005
-152,0,-52.0005
-150,0,-52.0005
-148,0,-52.0005
-146,0,-52.0005
-144,0,-52.0005
-142,0,-52.0005
-140,0,-52.0005
-138,0,-52.0005
-136,0,-52.0005
-134,0,-52.0005
-132,0,-52.0005
-130,0,-52.0005
-128,0,-52.0005
-126,0,-52.0005
-124,0,-52.0005
-122,0,-52.0005
-120,0,-52.0005
-118,0,-52.0005
-116,0,-52.0005
-114,0,-52.0005
-112,0,-52.0005
-110,0,-52.0005
-108,0,-52.0005
-106,0,-52.0005
-104,0,-52.0005
-102,0,-52.0005
-100,0,-52.0005
-98,0,-52.0005
-96,0,-52.0005
-94,0,-52.0005
-92,0,-52.0005
-90,0,-52.0005
-88,0,-52.0005
-86,0,-52.0005
-84,0,-52.0005
-82,0,-52.0005
-80,0,-52.0005
-78,0,-52.0005
-76,0,-52.0005
-74,0,-52.0005
-72,0,-52.0005
-70,0,-52.0005
-68,0,-52.0005
-66,0,-52.0005
-64,0,-52.0005
-62,0,-52.0005
-60,0,-52.0005
-58,0,-52.0005
-56,0,-52.0005
-54,0,-52.0005
-52,0,-52.0005
-50,0,-52.0005
-48,0,-52.0005
-46,0,-52.0005
-44,0,-52.0005
-42,0,-52.0005
-40,0,-52.0005
-38,0,-52.0005
-36,0,-52.0005
-34,0,-52.0005
-32,0,-52.0005
-30,0,-52.0005
-28,0,-52.0005
-26,0,-52.0005
-24,0,-52.0005
-22,0,-52.0005
-20,0,-52.0005
-18,0,-52.0005
-16,0,-52.0005
-14,0,-52.0005
-12,0,-52.0005
-10,0,-52.0005
-8,0,-52.0005
-6,0,-52.0005
-4,0,-52.0005
-2,0,-52.0005
0,0,-52.0005
2,0,-52.0005
4,0,-52.0005
6,0,-52.0005
8,0,-52.0005
10,0,-52.0005
12,0,-52.0005
14,0,-52.0005
16,0,-52.0005
18,0,-52.0005
20,0,-52.0005
22,0,-52.0005
24,0,-52.0005
26,0,-52.0005
28,0,-52.0005
30,0,-52.0005
32,0,-52.0005
34,0,-52.0005
36,0,-52.0005
38,0,-52.0005
40,0,-52.0005
42,0,-52.0005
44,0,-52.0005
46,0,-52.0005
48,0,-52.0005
50,0,-52.0005
52,0,-52.0005
54,0,-52.0005
56,0,-52.0005
58,0,-52.0005
60,0,-52.0005
62,0,-52.0005
64,0,-52.0005
66,0,-52.0005
68,0,-52.0005
70,0,-52.0005
72,0,-52.0005
74,0,-52.0005
76,0,-52.0005
78,0,-52.0005
80,0,-52.0005
82,0,-52.0005
84,0,-52.0005
86,0,-52.0005
88,0,-52.0005
90,0,-52.0005
92,0,-52.0005
94,0,-52.0005
96,0,-52.0005
98,0,-52.0005
100,0,-52.0005
102,0,-52.0005
104,0,-52.0005
106,0,-52.0005
108,0,-52.0005
110,0,-52.0005
112,0,-52.0005
114,0,-52.0005
116,0,-52.0005
118,0,-52.0005
120,0,-52.0005
122,0,-52.0005
124,0,-52.0005
126,0,-52.0005
128,0,-52.0005
130,0,-52.0005
132,0,-52.0005
134,0,-52.0005
136,0,-52.0005
138,0,-52.0005
140,0,-52.0005
142,0,-52.0005
144,0,-52.0005
146,0,-52.0005
148,0,-52.0005
150,0,-52.0005
152,0,-52.0005
154,0,-52.0005
156,0,-52.0005
158,0,-52.0005
160,0,-52.0005
162,0,-52.0005
164,0,-52.0005
166,0,-52.0005
168,0,-52.0005
170,0,-52.0005
172,0,-52.0005
174,0,-52.0005
176,0,-52.0005
178,0,-52.0005
180,0,-52.0005
-180,2,-29.8292
-178,2,-29.8442
-176,2,-29.8587
-174,2,-29.8727
-172,2,-29.8862
-170,2,-29.8992
-168,2,-29.9116
-166,2,-29.9234
-164,2,-29.9346
-162,2,-29.9452
-160,2,-29.9551
-158,2,-29.9643
-156,2,-29.9729
-154,2,-29.9807
-152,2,-29.9879
-150,2,-29.9943
-148,2,-30
-146,2,-30.0049
-144,2,-30.0091
-142,2,-30.0125
-140,2,-30.0151
-138,2,-30.017
-136,2,-30.0181
-134,2,-30.0184
-132,2,-30.018
-130,2,-30.0168
-128,2,-30.0148
-126,2,-30.0121
-124,2,-30.0087
-122,2,-30.0045
-120,2,-29.9996
-118,2,-29.994
-116,2,-29.9877
-114,2,-29.9807
-112,2,-29.973
-110,2,-29.9647
-108,2,-29.9558
-106,2,-29.9463
-104,2,-29.9362
-102,2,-29.9255
-100,2,-29.9143
-98,2,-29.9025
-96,2,-29.8903
-94,2,-29.8776
-92,2,-29.8644
-90,2,-29.8508
-88,2,-29.8368
-86,2,-29.8224
-84,2,-29.8077
-82,2,-29.7927
-80,2,-29.7774
-78,2,-29.7618
-76,2,-29.7459
-74,2,-29.7298
-72,2,-29.7136
-70,2,-29.6971
-68,2,-29.6805
-66,2,-29.6638
-64,2,-29.647
-62,2,-29.6301
-60,2,-29.6131
-58,2,-29.5961
-56,2,-29.5791
-54,2,-29.5621
-52,2,-29.5451
-50,2,-29.5282
-48,2,-29.5113
-46,2,-29.4945
-44,2,-29.4779
-42,2,-29.4613
-40,2,-29.4449
-38,2,-29.4286
-36,2,-29.4125
-34,2,-29.3966
-32,2,-29.3809
-30,2,-29.3654
-28,2,-29.3501
-26,2,-29.3351
-24,2,-29.3203
-22,2,-29.3057
-20,2,-29.2914
-18,2,-29.2774
-16,2,-29.2637
-14,2,-29.2503
-12,2,-29.2372
-10,2,-29.2244
-8,2,-29.212
-6,2,-29.1998
-4,2,-29.1881
-2,2,-29.1766
0,2,-29.1655
2,2,-29.1548
4,2,-29.1444
6,2,-29.1344
8,2,-29.1248
10,2,-29.1156
12,2,-29.1067
14,2,-29.0983
16,2,-29.0902
18,2,-29.0826
20,2,-29.0753
22,2,-29.0685
24,2,-29.0621
26,2,-29.0561
28,2,-29.0505
30,2,-29.0454
32,2,-29.0407
34,2,-29.0365
36,2,-29.0327
38,2,-29.0294
40,2,-29.0265
42,2,-29.024
44,2,-29.0221
46,2,-29.0206
48,2,-29.0195
50,2,-29.019
52,2,-29.0189
54,2,-29.0193
56,2,-29.0201
58,2,-29.0215
60,2,-29.0233
62,2,-29.0257
64,2,-29.0285
66,2,-29.0319
68,2,-29.0357
70,2,-29.04
72,2,-29.0448
74,2,-29.0502
76,2,-29.056
78,2,-29.0623
80,2,-29.0691
82,2,-29.0765
84,2,-29.0843
86,2,-29.0926
88,2,-29.1014
90,2,-29.1107
92,2,-29.1204
94,2,-29.1307
96,2,-29.1414
98,2,-29.1526
100,2,-29.1642
102,2,-29.1763
104,2,-29.1888
106,2,-29.2018
108,2,-29.2152
110,2,-29.229
112,2,-29.2432
114,2,-29.2578
116,2,-29.2728
118,2,-29.2882
120,2,-29.3039
122,2,-29.3199
124,2,-29.3362
126,2,-29.3528
128,2,-29.3698
130,2,-29.3869
132,2,-29.4043
134,2,-29.422
136,2,-29.4398
138,2,-29.4578
140,2,-29.4759
142,2,-29.4942
144,2,-29.5126
146,2,-29.531
148,2,-29.5495
150,2,-29.568
152,2,-29.5866
154,2,-29.605
156,2,-29.6235
158,2,-29.6418
160,2,-29.66
162,2,-29.6781
164,2,-29.696
166,2,-29.7137
168,2,-29.7311
170,2,-29.7483
172,2,-29.7652
174,2,-29.7818
176,2,-29.798
178,2,-29.8138
180,2,-29.8292
-180,4,-23.6493
-178,4,-23.6571
-176,4,-23.6648
-174,4,-23.6721
-172,4,-23.6792
-170,4,-23.6859
-168,4,-23.6923
-166,4,-23.6984
-164,4,-23.7041
-162,4,-23.7095
-160,4,-23.7146
-158,4,-23.7192
-156,4,-23.7235
-154,4,-23.7274
-152,4,-23.7309
-150,4,-23.734
-148,4,-23.7367
-146,4,-23.739
-144,4,-23.7409
-142,4,-23.7424
-140,4,-23.7435
-138,4,-23.7442
-136,4,-23.7445
-134,4,-23.7443
-132,4,-23.7438
-130,4,-23.7429
-128,4,-23.7415
-126,4,-23.7398
-124,4,-23.7377
-122,4,-23.7353
-120,4,-23.7324
-118,4,-23.7292
-116,4,-23.7256
-114,4,-23.7217
-112,4,-23.7175
-110,4,-23.7129
-108,4,-23.708
-106,4,-23.7029
-104,4,-23.6974
-102,4,-23.6916
-100,4,-23.6856
-98,4,-23.6793
-96,4,-23.6728
-94,4,-23.6661
-92,4,-23.6591
-90,4,-23.652
-88,4,-23.6446
-86,4,-23.6371
-84,4,-23.6294
-82,4,-23.6216
-80,4,-23.6136
-78,4,-23.6056
-76,4,-23.5974
-74,4,-23.5891
-72,4,-23.5808
-70,4,-23.5723
-68,4,-23.5639
-66,4,-23.5554
-64,4,-23.5468
-62,4,-23.5383
-60,4,-23.5297
-58,4,-23.5212
-56,4,-23.5127
-54,4,-23.5042
-52,4,-23.4957
-50,4,-23.4873
-48,4,-23.479
-46,4,-23.4707
-44,4,-23.4625
-42,4,-23.4544
-40,4,-23.4464
-38,4,-23.4385
-36,4,-23.4307
-34,4,-23.4229
-32,4,-23.4154
-30,4,-23.4079
-28,4,-23.4006
-26,4,-23.3933
-24,4,-23.3863
-22,4,-23.3793
-20,4,-23.3725
-18,4,-23.3659
-16,4,-23.3594
-14,4,-23.353
-12,4,-23.3468
-10,4,-23.3408
-8,4,-23.3349
-6,4,-23.3292
-4,4,-23.3236
-2,4,-23.3182
0,4,-23.3129
2,4,-23.3078
4,4,-23.3029
6,4,-23.2981
8,4,-23.2935
10,4,-23.2891
12,4,-23.2848
14,4,-23.2807
16,4,-23.2767
18,4,-23.2729
20,4,-23.2693
22,4,-23.2659
24,4,-23.2626
26,4,-23.2595
28,4,-23.2566
30,4,-23.2539
32,4,-23.2514
34,4,-23.249
36,4,-23.2468
38,4,-23.2448
40,4,-23.243
42,4,-23.2415
44,4,-23.2401
46,4,-23.2389
48,4,-23.2379
50,4,-23.2371
52,4,-23.2366
54,4,-23.2363
56,4,-23.2362
58,4,-23.2363
60,4,-23.2367
62,4,-23.2373
64,4,-23.2381
66,4,-23.2392
68,4,-23.2406
70,4,-23.2422
72,4,-23.244
74,4,-23.2461
76,4,-23.2485
78,4,-23.2511
80,4,-23.2541
82,4,-23.2573
84,4,-23.2607
86,4,-23.2645
88,4,-23.2685
90,4,-23.2728
92,4,-23.2773
94,4,-23.2822
96,4,-23.2873
98,4,-23.2927
100,4,-23.2984
102,4,-23.3043
104,4,-23.3105
106,4,-23.317
108,4,-23.3237
110,4,-23.3307
112,4,-23.3379
114,4,-23.3454
116,4,-23.3531
118,4,-23.361
120,4,-23.3692
122,4,-23.3775
124,4,-23.3861
126,4,-23.3948
128,4,-23.4037
130,4,-23.4128
132,4,-23.422
134,4,-23.4314
136,4,-23.4409
138,4,-23.4505
140,4,-23.4602
142,4,-23.47
144,4,-23.4799
146,4,-23.4898
148,4,-23.4997
150,4,-23.5096
152,4,-23.5196
154,4,-23.5295
156,4,-23.5394
158,4,-23.5493
160,4,-23.5591
162,4,-23.5688
164,4,-23.5783
166,4,-23.5878
168,4,-23.5971
170,4,-23.6063
172,4,-23.6153
174,4,-23.6241
176,4,-23.6327
178,4,-23.6411
180,4,-23.6493
-180,6,-20.0675
-178,6,-20.0732
-176,6,-20.0787
-174,6,-20.0839
-172,6,-20.089
-170,6,-20.0938
-168,6,-20.0983
-166,6,-20.1027
-164,6,-20.1067
-162,6,-20.1105
-160,6,-20.1141
-158,6,-20.1173
-156,6,-20.1203
-154,6,-20.123
-152,6,-20.1254
-150,6,-20.1275
-148,6,-20.1294
-146,6,-20.1309
-144,6,-20.1321
-142,6,-20.1331
-140,6,-20.1337
-138,6,-20.1341
-136,6,-20.1341
-134,6,-20.1339
-132,6,-20.1333
-130,6,-20.1325
-128,6,-20.1314
-126,6,-20.1301
-124,6,-20.1284
-122,6,-20.1265
-120,6,-20.1243
-118,6,-20.1219
-116,6,-20.1192
-114,6,-20.1163
-112,6,-20.1132
-110,6,-20.1098
-108,6,-20.1062
-106,6,-20.1024
-104,6,-20.0984
-102,6,-20.0942
-100,6,-20.0898
-98,6,-20.0852
-96,6,-20.0805
-94,6,-20.0757
-92,6,-20.0706
-90,6,-20.0655
-88,6,-20.0602
-86,6,-20.0549
-84,6,-20.0494
-82,6,-20.0438
-80,6,-20.0382
-78,6,-20.0324
-76,6,-20.0267
-74,6,-20.0208
-72,6,-20.015
-70,6,-20.0091
-68,6,-20.0032
-66,6,-19.9973
-64,6,-19.9913
-62,6,-19.9854
-60,6,-19.9796
-58,6,-19.9737
-56,6,-19.9679
-54,6,-19.9621
-52,6,-19.9564
-50,6,-19.9507
-48,6,-19.9451
-46,6,-19.9396
-44,6,-19.9341
-42,6,-19.9287
-40,6,-19.9234
-38,6,-19.9182
-36,6,-19.9131
-34,6,-19.9081
-32,6,-19.9032
-30,6,-19.8984
-28,6,-19.8937
-26,6,-19.8892
-24,6,-19.8847
-22,6,-19.8803
-20,6,-19.876
-18,6,-19.8719
-16,6,-19.8678
-14,6,-19.8639
-12,6,-19.8601
-10,6,-19.8563
-8,6,-19.8527
-6,6,-19.8492
-4,6,-19.8458
-2,6,-19.8425
0,6,-19.8392
2,6,-19.8361
4,6,-19.8331
6,6,-19.8302
8,6,-19.8273
10,6,-19.8246
12,6,-19.8219
14,6,-19.8193
16,6,-19.8168
18,6,-19.8144
20,6,-19.8121
22,6,-19.8099
24,6,-19.8077
26,6,-19.8057
28,6,-19.8037
30,6,-19.8018
32,6,-19.8
34,6,-19.7984
36,6,-19.7967
38,6,-19.7952
40,6,-19.7938
42,6,-19.7925
44,6,-19.7913
46,6,-19.7902
48,6,-19.7893
50,6,-19.7884
52,6,-19.7877
54,6,-19.7871
56,6,-19.7866
58,6,-19.7862
60,6,-19.7861
62,6,-19.786
64,6,-19.7861
66,6,-19.7864
68,6,-19.7868
70,6,-19.7874
72,6,-19.7881
74,6,-19.7891
76,6,-19.7902
78,6,-19.7915
80,6,-19.793
82,6,-19.7947
84,6,-19.7966
86,6,-19.7987
88,6,-19.801
90,6,-19.8036
92,6,-19.8063
94,6,-19.8092
96,6,-19.8124
98,6,-19.8158
100,6,-19.8193
102,6,-19.8231
104,6,-19.8272
106,6,-19.8314
108,6,-19.8358
110,6,-19.8404
112,6,-19.8453
114,6,-19.8503
116,6,-19.8556
118,6,-19.861
120,6,-19.8666
122,6,-19.8724
124,6,-19.8783
126,6,-19.8844
128,6,-19.8907
130,6,-19.8971
132,6,-19.9036
134,6,-19.9102
136,6,-19.917
138,6,-19.9239
140,6,-19.9308
142,6,-19.9378
144,6,-19.9449
146,6,-19.952
148,6,-19.9592
150,6,-19.9664
152,6,-19.9736
154,6,-19.9808
156,6,-19.988
158,6,-19.9951
160,6,-20.0022
162,6,-20.0092
164,6,-20.0162
166,6,-20.023
168,6,-20.0298
170,6,-20.0365
172,6,-20.043
174,6,-20.0494
176,6,-20.0556
178,6,-20.0616
180,6,-20.0675
-180,8,-17.5324
-178,8,-17.537
-176,8,-17.5415
-174,8,-17.5458
-172,8,-17.5498
-170,8,-17.5537
-168,8,-17.5574
-166,8,-17.5609
-164,8,-17.5642
-162,8,-17.5673
-160,8,-17.5701
-158,8,-17.5727
-156,8,-17.5751
-154,8,-17.5772
-152,8,-17.5791
-150,8,-17.5808
-148,8,-17.5822
-146,8,-17.5834
-144,8,-17.5843
-142,8,-17.585
-140,8,-17.5855
-138,8,-17.5857
-136,8,-17.5857
-134,8,-17.5854
-132,8,-17.5849
-130,8,-17.5842
-128,8,-17.5833
-126,8,-17.5821
-124,8,-17.5807
-122,8,-17.5791
-120,8,-17.5773
-118,8,-17.5753
-116,8,-17.573
-114,8,-17.5706
-112,8,-17.568
-110,8,-17.5652
-108,8,-17.5623
-106,8,-17.5592
-104,8,-17.5559
-102,8,-17.5524
-100,8,-17.5489
-98,8,-17.5452
-96,8,-17.5413
-94,8,-17.5373
-92,8,-17.5333
-90,8,-17.5291
-88,8,-17.5248
-86,8,-17.5205
-84,8,-17.516
-82,8,-17.5115
-80,8,-17.507
-78,8,-17.5024
-76,8,-17.4977
-74,8,-17.4931
-72,8,-17.4884
-70,8,-17.4837
-68,8,-17.4789
-66,8,-17.4742
-64,8,-17.4696
-62,8,-17.4649
-60,8,-17.4602
-58,8,-17.4556
-56,8,-17.4511
-54,8,-17.4466
-52,8,-17.4421
-50,8,-17.4378
-48,8,-17.4335
-46,8,-17.4292
-44,8,-17.4251
-42,8,-17.421
-40,8,-17.417
-38,8,-17.4131
-36,8,-17.4093
-34,8,-17.4056
-32,8,-17.402
-30,8,-17.3985
-28,8,-17.3951
-26,8,-17.3918
-24,8,-17.3886
-22,8,-17.3855
-20,8,-17.3824
-18,8,-17.3795
-16,8,-17.3767
-14,8,-17.374
-12,8,-17.3713
-10,8,-17.3687
-8,8,-17.3663
-6,8,-17.3639
-4,8,-17.3615
-2,8,-17.3593
0,8,-17.3571
2,8,-17.355
4,8,-17.353
6,8,-17.351
8,8,-17.349
10,8,-17.3471
12,8,-17.3453
14,8,-17.3435
16,8,-17.3418
18,8,-17.3401
20,8,-17.3385
22,8,-17.3369
24,8,-17.3353
26,8,-17.3338
28,8,-17.3323
30,8,-17.3308
32,8,-17.3294
34,8,-17.3281
36,8,-17.3267
38,8,-17.3255
40,8,-17.3243
42,8,-17.3231
44,8,-17.322
46,8,-17.3209
48,8,-17.3199
50,8,-17.319
52,8,-17.3182
54,8,-17.3174
56,8,-17.3167
58,8,-17.3161
60,8,-17.3156
62,8,-17.3152
64,8,-17.3149
66,8,-17.3147
68,8,-17.3146
70,8,-17.3147
72,8,-17.3149
74,8,-17.3152
76,8,-17.3156
78,8,-17.3163
80,8,-17.317
82,8,-17.3179
84,8,-17.319
86,8,-17.3203
88,8,-17.3217
90,8,-17.3233
92,8,-17.3251
94,8,-17.3271
96,8,-17.3292
98,8,-17.3315
100,8,-17.3341
102,8,-17.3368
104,8,-17.3397
106,8,-17.3428
108,8,-17.3461
110,8,-17.3495
112,8,-17.3532
114,8,-17.357
116,8,-17.361
118,8,-17.3652
120,8,-17.3695
122,8,-17.374
124,8,-17.3787
126,8,-17.3835
128,8,-17.3885
130,8,-17.3936
132,8,-17.3988
134,8,-17.4041
136,8,-17.4095
138,8,-17.4151
140,8,-17.4207
142,8,-17.4264
144,8,-17.4321
146,8,-17.4379
148,8,-17.4437
150,8,-17.4496
152,8,-17.4555
154,8,-17.4614
156,8,-17.4673
158,8,-17.4731
160,8,-17.4789
162,8,-17.4847
164,8,-17.4904
166,8,-17.496
168,8,-17.5016
170,8,-17.507
172,8,-17.5123
174,8,-17.5176
176,8,-17.5226
178,8,-17.5276
180,8,-17.5324
-180,10,-15.5658
-178,10,-15.5698
-176,10,-15.5737
-174,10,-15.5774
-172,10,-15.581
-170,10,-15.5844
-168,10,-15.5876
-166,10,-15.5906
-164,10,-15.5934
-162,10,-15.5961
-160,10,-15.5985
-158,10,-15.6008
-156,10,-15.6028
-154,10,-15.6046
-152,10,-15.6063
-150,10,-15.6077
-148,10,-15.6089
-146,10,-15.6099
-144,10,-15.6107
-142,10,-15.6112
-140,10,-15.6116
-138,10,-15.6118
-136,10,-15.6117
-134,10,-15.6115
-132,10,-15.6111
-130,10,-15.6104
-128,10,-15.6096
-126,10,-15.6086
-124,10,-15.6073
-122,10,-15.6059
-120,10,-15.6044
-118,10,-15.6026
-116,10,-15.6007
-114,10,-15.5986
-112,10,-15.5963
-110,10,-15.5939
-108,10,-15.5914
-106,10,-15.5886
-104,10,-15.5858
-102,10,-15.5828
-100,10,-15.5797
-98,10,-15.5765
-96,10,-15.5732
-94,10,-15.5697
-92,10,-15.5662
-90,10,-15.5626
-88,10,-15.5589
-86,10,-15.5551
-84,10,-15.5512
-82,10,-15.5473
-80,10,-15.5434
-78,10,-15.5394
-76,10,-15.5354
-74,10,-15.5314
-72,10,-15.5273
-70,10,-15.5233
-68,10,-15.5192
-66,10,-15.5152
-64,10,-15.5112
-62,10,-15.5072
-60,10,-15.5032
-58,10,-15.4993
-56,10,-15.4954
-54,10,-15.4916
-52,10,-15.4879
-50,10,-15.4842
-48,10,-15.4806
-46,10,-15.4771
-44,10,-15.4737
-42,10,-15.4704
-40,10,-15.4671
-38,10,-15.4639
-36,10,-15.4609
-34,10,-15.4579
-32,10,-15.4551
-30,10,-15.4523
-28,10,-15.4496
-26,10,-15.4471
-24,10,-15.4446
-22,10,-15.4422
-20,10,-15.4399
-18,10,-15.4377
-16,10,-15.4356
-14,10,-15.4336
-12,10,-15.4317
-10,10,-15.4298
-8,10,-15.428
-6,10,-15.4263
-4,10,-15.4247
-2,10,-15.4231
0,10,-15.4215
2,10,-15.42
4,10,-15.4186
6,10,-15.4172
8,10,-15.4158
10,10,-15.4145
12,10,-15.4131
14,10,-15.4118
16,10,-15.4106
18,10,-15.4093
20,10,-15.4081
22,10,-15.4069
24,10,-15.4057
26,10,-15.4045
28,10,-15.4033
30,10,-15.4021
32,10,-15.4009
34,10,-15.3998
36,10,-15.3986
38,10,-15.3975
40,10,-15.3964
42,10,-15.3953
44,10,-15.3942
46,10,-15.3932
48,10,-15.3922
50,10,-15.3912
52,10,-15.3903
54,10,-15.3894
56,10,-15.3885
58,10,-15.3878
60,10,-15.3871
62,10,-15.3864
64,10,-15.3859
66,10,-15.3854
68,10,-15.385
70,10,-15.3847
72,10,-15.3845
74,10,-15.3844
76,10,-15.3845
78,10,-15.3847
80,10,-15.385
82,10,-15.3854
84,10,-15.386
86,10,-15.3867
88,10,-15.3876
90,10,-15.3886
92,10,-15.3898
94,10,-15.3912
96,10,-15.3927
98,10,-15.3944
100,10,-15.3963
102,10,-15.3983
104,10,-15.4006
106,10,-15.403
108,10,-15.4056
110,10,-15.4083
112,10,-15.4113
114,10,-15.4144
116,10,-15.4177
118,10,-15.4211
120,10,-15.4247
122,10,-15.4285
124,10,-15.4324
126,10,-15.4364
128,10,-15.4406
130,10,-15.445
132,10,-15.4494
134,10,-15.454
136,10,-15.4586
138,10,-15.4634
140,10,-15.4683
142,10,-15.4732
144,10,-15.4782
146,10,-15.4832
148,10,-15.4883
150,10,-15.4934
152,10,-15.4985
154,10,-15.5037
156,10,-15.5088
158,10,-15.5139
160,10,-15.519
162,10,-15.5241
164,10,-15.5291
166,10,-15.534
168,10,-15.5388
170,10,-15.5436
172,10,-15.5483
174,10,-15.5528
176,10,-15.5573
178,10,-15.5616
180,10,-15.5658
-180,12,-13.9565
-178,12,-13.9602
-176,12,-13.9637
-174,12,-13.9671
-172,12,-13.9704
-170,12,-13.9734
-168,12,-13.9763
-166,12,-13.9791
-164,12,-13.9816
-162,12,-13.984
-160,12,-13.9862
-158,12,-13.9882
-156,12,-13.9901
-154,12,-13.9917
-152,12,-13.9932
-150,12,-13.9945
-148,12,-13.9955
-146,12,-13.9964
-144,12,-13.9972
-142,12,-13.9977
-140,12,-13.998
-138,12,-13.9982
-136,12,-13.9981
-134,12,-13.9979
-132,12,-13.9976
-130,12,-13.997
-128,12,-13.9962
-126,12,-13.9953
-124,12,-13.9943
-122,12,-13.993
-120,12,-13.9916
-118,12,-13.99
-116,12,-13.9883
-114,12,-13.9865
-112,12,-13.9844
-110,12,-13.9823
-108,12,-13.98
-106,12,-13.9776
-104,12,-13.975
-102,12,-13.9723
-100,12,-13.9695
-98,12,-13.9666
-96,12,-13.9636
-94,12,-13.9605
-92,12,-13.9573
-90,12,-13.9541
-88,12,-13.9507
-86,12,-13.9473
-84,12,-13.9438
-82,12,-13.9403
-80,12,-13.9367
-78,12,-13.9331
-76,12,-13.9295
-74,12,-13.9258
-72,12,-13.9222
-70,12,-13.9185
-68,12,-13.9148
-66,12,-13.9112
-64,12,-13.9076
-62,12,-13.904
-60,12,-13.9004
-58,12,-13.8969
-56,12,-13.8934
-54,12,-13.8901
-52,12,-13.8867
-50,12,-13.8835
-48,12,-13.8803
-46,12,-13.8772
-44,12,-13.8742
-42,12,-13.8713
-40,12,-13.8685
-38,12,-13.8658
-36,12,-13.8632
-34,12,-13.8607
-32,12,-13.8583
-30,12,-13.856
-28,12,-13.8538
-26,12,-13.8517
-24,12,-13.8498
-22,12,-13.8479
-20,12,-13.8461
-18,12,-13.8444
-16,12,-13.8427
-14,12,-13.8412
-12,12,-13.8397
-10,12,-13.8384
-8,12,-13.837
-6,12,-13.8358
-4,12,-13.8346
-2,12,-13.8334
0,12,-13.8323
2,12,-13.8313
4,12,-13.8302
6,12,-13.8292
8,12,-13.8282
10,12,-13.8273
12,12,-13.8263
14,12,-13.8254
16,12,-13.8244
18,12,-13.8235
20,12,-13.8226
22,12,-13.8216
24,12,-13.8206
26,12,-13.8197
28,12,-13.8187
30,12,-13.8177
32,12,-13.8167
34,12,-13.8157
36,12,-13.8146
38,12,-13.8136
40,12,-13.8126
42,12,-13.8115
44,12,-13.8105
46,12,-13.8094
48,12,-13.8084
50,12,-13.8074
52,12,-13.8064
54,12,-13.8054
56,12,-13.8045
58,12,-13.8036
60,12,-13.8027
62,12,-13.8019
64,12,-13.8012
66,12,-13.8005
68,12,-13.7999
70,12,-13.7993
72,12,-13.7989
74,12,-13.7985
76,12,-13.7983
78,12,-13.7981
80,12,-13.7981
82,12,-13.7982
84,12,-13.7984
86,12,-13.7988
88,12,-13.7993
90,12,-13.7999
92,12,-13.8007
94,12,-13.8017
96,12,-13.8028
98,12,-13.8041
100,12,-13.8055
102,12,-13.8071
104,12,-13.8089
106,12,-13.8108
108,12,-13.8129
110,12,-13.8152
112,12,-13.8177
114,12,-13.8203
116,12,-13.8231
118,12,-13.8261
120,12,-13.8292
122,12,-13.8325
124,12,-13.8359
126,12,-13.8395
128,12,-13.8432
130,12,-13.847
132,12,-13.851
134,12,-13.8551
136,12,-13.8592
138,12,-13.8635
140,12,-13.8679
142,12,-13.8723
144,12,-13.8768
146,12,-13.8814
148,12,-13.886
150,12,-13.8906
152,12,-13.8953
154,12,-13.9
156,12,-13.9047
158,12,-13.9093
160,12,-13.9139
162,12,-13.9185
164,12,-13.9231
166,12,-13.9276
168,12,-13.932
170,12,-13.9364
172,12,-13.9406
174,12,-13.9448
176,12,-13.9488
178,12,-13.9527
180,12,-13.9565
-180,14,-12.5927
-178,14,-12.5961
-176,14,-12.5994
-174,14,-12.6025
-172,14,-12.6056
-170,14,-12.6084
-168,14,-12.6111
-166,14,-12.6137
-164,14,-12.6161
-162,14,-12.6183
-160,14,-12.6203
-158,14,-12.6222
-156,14,-12.6239
-154,14,-12.6255
-152,14,-12.6268
-150,14,-12.628
-148,14,-12.6291
-146,14,-12.6299
-144,14,-12.6306
-142,14,-12.6311
-140,14,-12.6314
-138,14,-12.6316
-136,14,-12.6316
-134,14,-12.6314
-132,14,-12.6311
-130,14,-12.6306
-128,14,-12.63
-126,14,-12.6292
-124,14,-12.6282
-122,14,-12.6271
-120,14,-12.6258
-118,14,-12.6244
-116,14,-12.6228
-114,14,-12.6212
-112,14,-12.6193
-110,14,-12.6173
-108,14,-12.6153
-106,14,-12.613
-104,14,-12.6107
-102,14,-12.6082
-100,14,-12.6056
-98,14,-12.603
-96,14,-12.6002
-94,14,-12.5973
-92,14,-12.5944
-90,14,-12.5913
-88,14,-12.5882
-86,14,-12.585
-84,14,-12.5818
-82,14,-12.5785
-80,14,-12.5751
-78,14,-12.5717
-76,14,-12.5683
-74,14,-12.5649
-72,14,-12.5615
-70,14,-12.558
-68,14,-12.5546
-66,14,-12.5512
-64,14,-12.5478
-62,14,-12.5445
-60,14,-12.5411
-58,14,-12.5379
-56,14,-12.5347
-54,14,-12.5315
-52,14,-12.5285
-50,14,-12.5255
-48,14,-12.5226
-46,14,-12.5197
-44,14,-12.517
-42,14,-12.5144
-40,14,-12.5119
-38,14,-12.5095
-36,14,-12.5072
-34,14,-12.505
-32,14,-12.5029
-30,14,-12.5009
-28,14,-12.499
-26,14,-12.4973
-24,14,-12.4956
-22,14,-12.494
-20,14,-12.4926
-18,14,-12.4912
-16,14,-12.49
-14,14,-12.4888
-12,14,-12.4877
-10,14,-12.4866
-8,14,-12.4857
-6,14,-12.4847
-4,14,-12.4839
-2,14,-12.4831
0,14,-12.4823
2,14,-12.4816
4,14,-12.4809
6,14,-12.4802
8,14,-12.4795
10,14,-12.4788
12,14,-12.4781
14,14,-12.4774
16,14,-12.4768
18,14,-12.4761
20,14,-12.4753
22,14,-12.4746
24,14,-12.4738
26,14,-12.473
28,14,-12.4722
30,14,-12.4714
32,14,-12.4705
34,14,-12.4696
36,14,-12.4686
38,14,-12.4677
40,14,-12.4667
42,14,-12.4657
44,14,-12.4646
46,14,-12.4636
48,14,-12.4625
50,14,-12.4615
52,14,-12.4604
54,14,-12.4594
56,14,-12.4584
58,14,-12.4574
60,14,-12.4564
62,14,-12.4554
64,14,-12.4545
66,14,-12.4537
68,14,-12.4529
70,14,-12.4522
72,14,-12.4515
74,14,-12.451
76,14,-12.4505
78,14,-12.4501
80,14,-12.4498
82,14,-12.4497
84,14,-12.4496
86,14,-12.4497
88,14,-12.4499
90,14,-12.4503
92,14,-12.4507
94,14,-12.4514
96,14,-12.4522
98,14,-12.4531
100,14,-12.4543
102,14,-12.4555
104,14,-12.457
106,14,-12.4586
108,14,-12.4604
110,14,-12.4623
112,14,-12.4644
114,14,-12.4667
116,14,-12.4692
118,14,-12.4718
120,14,-12.4746
122,14,-12.4775
124,14,-12.4806
126,14,-12.4838
128,14,-12.4872
130,14,-12.4907
132,14,-12.4943
134,14,-12.498
136,14,-12.5019
138,14,-12.5058
140,14,-12.5099
142,14,-12.514
144,14,-12.5182
146,14,-12.5224
148,14,-12.5267
150,14,-12.531
152,14,-12.5354
154,14,-12.5398
156,14,-12.5441
158,14,-12.5485
160,14,-12.5528
162,14,-12.5571
164,14,-12.5614
166,14,-12.5656
168,14,-12.5697
170,14,-12.5738
172,14,-12.5778
174,14,-12.5816
176,14,-12.5854
178,14,-12.5891
180,14,-12.5927
-180,16,-11.4076
-178,16,-11.4109
-176,16,-11.414
-174,16,-11.417
-172,16,-11.4199
-170,16,-11.4226
-168,16,-11.4252
-166,16,-11.4276
-164,16,-11.4299
-162,16,-11.432
-160,16,-11.434
-158,16,-11.4358
-156,16,-11.4374
-154,16,-11.4389
-152,16,-11.4402
-150,16,-11.4414
-148,16,-11.4424
-146,16,-11.4432
-144,16,-11.4439
-142,16,-11.4444
-140,16,-11.4447
-138,16,-11.4449
-136,16,-11.445
-134,16,-11.4449
-132,16,-11.4446
-130,16,-11.4442
-128,16,-11.4436
-126,16,-11.4429
-124,16,-11.442
-122,16,-11.441
-120,16,-11.4399
-118,16,-11.4386
-116,16,-11.4372
-114,16,-11.4356
-112,16,-11.4339
-110,16,-11.4321
-108,16,-11.4301
-106,16,-11.4281
-104,16,-11.4259
-102,16,-11.4236
-100,16,-11.4212
-98,16,-11.4186
-96,16,-11.416
-94,16,-11.4133
-92,16,-11.4105
-90,16,-11.4076
-88,16,-11.4047
-86,16,-11.4016
-84,16,-11.3985
-82,16,-11.3954
-80,16,-11.3922
-78,16,-11.3889
-76,16,-11.3857
-74,16,-11.3824
-72,16,-11.3791
-70,16,-11.3758
-68,16,-11.3725
-66,16,-11.3692
-64,16,-11.3659
-62,16,-11.3627
-60,16,-11.3595
-58,16,-11.3564
-56,16,-11.3534
-54,16,-11.3504
-52,16,-11.3474
-50,16,-11.3446
-48,16,-11.3419
-46,16,-11.3392
-44,16,-11.3367
-42,16,-11.3342
-40,16,-11.3319
-38,16,-11.3297
-36,16,-11.3276
-34,16,-11.3256
-32,16,-11.3237
-30,16,-11.322
-28,16,-11.3203
-26,16,-11.3188
-24,16,-11.3174
-22,16,-11.3161
-20,16,-11.3149
-18,16,-11.3138
-16,16,-11.3128
-14,16,-11.3119
-12,16,-11.311
-10,16,-11.3103
-8,16,-11.3096
-6,16,-11.3089
-4,16,-11.3084
-2,16,-11.3078
0,16,-11.3073
2,16,-11.3068
4,16,-11.3064
6,16,-11.306
8,16,-11.3055
10,16,-11.3051
12,16,-11.3046
14,16,-11.3042
16,16,-11.3037
18,16,-11.3032
20,16,-11.3027
22,16,-11.3021
24,16,-11.3015
26,16,-11.3008
28,16,-11.3001
30,16,-11.2994
32,16,-11.2986
34,16,-11.2978
36,16,-11.2969
38,16,-11.296
40,16,-11.2951
42,16,-11.2941
44,16,-11.2931
46,16,-11.292
48,16,-11.291
50,16,-11.2899
52,16,-11.2888
54,16,-11.2877
56,16,-11.2866
58,16,-11.2855
60,16,-11.2844
62,16,-11.2834
64,16,-11.2823
66,16,-11.2814
68,16,-11.2804
70,16,-11.2795
72,16,-11.2787
74,16,-11.278
76,16,-11.2773
78,16,-11.2767
80,16,-11.2763
82,16,-11.2759
84,16,-11.2756
86,16,-11.2755
88,16,-11.2755
90,16,-11.2756
92,16,-11.2759
94,16,-11.2763
96,16,-11.2768
98,16,-11.2775
100,16,-11.2784
102,16,-11.2794
104,16,-11.2806
106,16,-11.2819
108,16,-11.2835
110,16,-11.2851
112,16,-11.287
114,16,-11.289
116,16,-11.2912
118,16,-11.2936
120,16,-11.2961
122,16,-11.2988
124,16,-11.3016
126,16,-11.3046
128,16,-11.3077
130,16,-11.3109
132,16,-11.3143
134,16,-11.3178
136,16,-11.3214
138,16,-11.3251
140,16,-11.3289
142,16,-11.3328
144,16,-11.3368
146,16,-11.3408
148,16,-11.3448
150,16,-11.3489
152,16,-11.3531
154,16,-11.3572
156,16,-11.3614
158,16,-11.3655
160,16,-11.3697
162,16,-11.3737
164,16,-11.3778
166,16,-11.3818
168,16,-11.3858
170,16,-11.3896
172,16,-11.3934
174,16,-11.3971
176,16,-11.4007
178,16,-11.4042
180,16,-11.4076
-180,18,-10.3587
-178,18,-10.3619
-176,18,-10.3649
-174,18,-10.3678
-172,18,-10.3706
-170,18,-10.3732
-168,18,-10.3757
-166,18,-10.3781
-164,18,-10.3803
-162,18,-10.3823
-160,18,-10.3842
-158,18,-10.386
-156,18,-10.3876
-154,18,-10.389
-152,18,-10.3903
-150,18,-10.3914
-148,18,-10.3924
-146,18,-10.3933
-144,18,-10.394
-142,18,-10.3945
-140,18,-10.3949
-138,18,-10.3951
-136,18,-10.3952
-134,18,-10.3951
-132,18,-10.3949
-130,18,-10.3946
-128,18,-10.3941
-126,18,-10.3935
-124,18,-10.3927
-122,18,-10.3918
-120,18,-10.3907
-118,18,-10.3896
-116,18,-10.3883
-114,18,-10.3868
-112,18,-10.3852
-110,18,-10.3835
-108,18,-10.3817
-106,18,-10.3798
-104,18,-10.3777
-102,18,-10.3755
-100,18,-10.3732
-98,18,-10.3708
-96,18,-10.3683
-94,18,-10.3657
-92,18,-10.363
-90,18,-10.3602
-88,18,-10.3573
-86,18,-10.3544
-84,18,-10.3514
-82,18,-10.3483
-80,18,-10.3452
-78,18,-10.3421
-76,18,-10.3389
-74,18,-10.3357
-72,18,-10.3324
-70,18,-10.3292
-68,18,-10.326
-66,18,-10.3228
-64,18,-10.3196
-62,18,-10.3164
-60,18,-10.3133
-58,18,-10.3103
-56,18,-10.3073
-54,18,-10.3044
-52,18,-10.3015
-50,18,-10.2988
-48,18,-10.2961
-46,18,-10.2936
-44,18,-10.2911
-42,18,-10.2888
-40,18,-10.2866
-38,18,-10.2845
-36,18,-10.2825
-34,18,-10.2807
-32,18,-10.279
-30,18,-10.2774
-28,18,-10.2759
-26,18,-10.2746
-24,18,-10.2734
-22,18,-10.2723
-20,18,-10.2713
-18,18,-10.2704
-16,18,-10.2696
-14,18,-10.2689
-12,18,-10.2683
-10,18,-10.2678
-8,18,-10.2673
-6,18,-10.2669
-4,18,-10.2666
-2,18,-10.2663
0,18,-10.266
2,18,-10.2658
4,18,-10.2656
6,18,-10.2653
8,18,-10.2651
10,18,-10.2649
12,18,-10.2647
14,18,-10.2644
16,18,-10.2641
18,18,-10.2638
20,18,-10.2634
22,18,-10.263
24,18,-10.2625
26,18,-10.262
28,18,-10.2614
30,18,-10.2608
32,18,-10.2601
34,18,-10.2593
36,18,-10.2585
38,18,-10.2577
40,18,-10.2568
42,18,-10.2558
44,18,-10.2548
46,18,-10.2538
48,18,-10.2527
50,18,-10.2516
52,18,-10.2504
54,18,-10.2493
56,18,-10.2481
58,18,-10.2469
60,18,-10.2458
62,18,-10.2446
64,18,-10.2435
66,18,-10.2424
68,18,-10.2413
70,18,-10.2403
72,18,-10.2394
74,18,-10.2385
76,18,-10.2377
78,18,-10.2369
80,18,-10.2363
82,18,-10.2357
84,18,-10.2353
86,18,-10.2349
88,18,-10.2347
90,18,-10.2347
92,18,-10.2347
94,18,-10.2349
96,18,-10.2353
98,18,-10.2358
100,18,-10.2364
102,18,-10.2372
104,18,-10.2382
106,18,-10.2394
108,18,-10.2407
110,18,-10.2421
112,18,-10.2438
114,18,-10.2456
116,18,-10.2476
118,18,-10.2497
120,18,-10.2521
122,18,-10.2545
124,18,-10.2572
126,18,-10.2599
128,18,-10.2629
130,18,-10.2659
132,18,-10.2691
134,18,-10.2724
136,18,-10.2758
138,18,-10.2794
140,18,-10.283
142,18,-10.2867
144,18,-10.2905
146,18,-10.2943
148,18,-10.2982
150,18,-10.3022
152,18,-10.3061
154,18,-10.3101
156,18,-10.3141
158,18,-10.3181
160,18,-10.3221
162,18,-10.3261
164,18,-10.33
166,18,-10.3338
168,18,-10.3376
170,18,-10.3414
172,18,-10.345
174,18,-10.3486
176,18,-10.3521
178,18,-10.3555
180,18,-10.3587
-180,20,-9.41703
-178,20,-9.4201
-176,20,-9.42305
-174,20,-9.42588
-172,20,-9.42858
-170,20,-9.43116
-168,20,-9.43359
-166,20,-9.43589
-164,20,-9.43805
-162,20,-9.44006
-160,20,-9.44193
-158,20,-9.44366
-156,20,-9.44524
-154,20,-9.44667
-152,20,-9.44796
-150,20,-9.44911
-148,20,-9.45011
-146,20,-9.45096
-144,20,-9.45167
-142,20,-9.45224
-140,20,-9.45266
-138,20,-9.45294
-136,20,-9.45309
-134,20,-9.45309
-132,20,-9.45295
-130,20,-9.45267
-128,20,-9.45226
-126,20,-9.45171
-124,20,-9.45103
-122,20,-9.45021
-120,20,-9.44925
-118,20,-9.44817
-116,20,-9.44695
-114,20,-9.4456
-112,20,-9.44412
-110,20,-9.44252
-108,20,-9.44079
-106,20,-9.43893
-104,20,-9.43696
-102,20,-9.43486
-100,20,-9.43266
-98,20,-9.43034
-96,20,-9.42791
-94,20,-9.42538
-92,20,-9.42275
-90,20,-9.42004
-88,20,-9.41723
-86,20,-9.41435
-84,20,-9.4114
-82,20,-9.40838
-80,20,-9.40531
-78,20,-9.40219
-76,20,-9.39903
-74,20,-9.39585
-72,20,-9.39265
-70,20,-9.38945
-68,20,-9.38624
-66,20,-9.38305
-64,20,-9.37989
-62,20,-9.37676
-60,20,-9.37368
-58,20,-9.37065
-56,20,-9.36769
-54,20,-9.36481
-52,20,-9.36201
-50,20,-9.35931
-48,20,-9.35671
-46,20,-9.35421
-44,20,-9.35184
-42,20,-9.34958
-40,20,-9.34746
-38,20,-9.34546
-36,20,-9.34359
-34,20,-9.34186
-32,20,-9.34027
-30,20,-9.33881
-28,20,-9.33749
-26,20,-9.3363
-24,20,-9.33524
-22,20,-9.3343
-20,20,-9.33348
-18,20,-9.33278
-16,20,-9.33218
-14,20,-9.33168
-12,20,-9.33128
-10,20,-9.33095
-8,20,-9.3307
-6,20,-9.33051
-4,20,-9.33038
-2,20,-9.33029
0,20,-9.33024
2,20,-9.3302
4,20,-9.33019
6,20,-9.33017
8,20,-9.33015
10,20,-9.33012
12,20,-9.33006
14,20,-9.32998
16,20,-9.32985
18,20,-9.32968
20,20,-9.32946
22,20,-9.32919
24,20,-9.32885
26,20,-9.32845
28,20,-9.32798
30,20,-9.32745
32,20,-9.32684
34,20,-9.32617
36,20,-9.32542
38,20,-9.32461
40,20,-9.32374
42,20,-9.3228
44,20,-9.32181
46,20,-9.32076
48,20,-9.31966
50,20,-9.31853
52,20,-9.31735
54,20,-9.31615
56,20,-9.31493
58,20,-9.3137
60,20,-9.31246
62,20,-9.31122
64,20,-9.30999
66,20,-9.30879
68,20,-9.30762
70,20,-9.30649
72,20,-9.3054
74,20,-9.30438
76,20,-9.30342
78,20,-9.30254
80,20,-9.30174
82,20,-9.30104
84,20,-9.30044
86,20,-9.29994
88,20,-9.29957
90,20,-9.29933
92,20,-9.29921
94,20,-9.29924
96,20,-9.29941
98,20,-9.29973
100,20,-9.3002
102,20,-9.30084
104,20,-9.30164
106,20,-9.3026
108,20,-9.30374
110,20,-9.30504
112,20,-9.30651
114,20,-9.30816
116,20,-9.30997
118,20,-9.31195
120,20,-9.3141
122,20,-9.3164
124,20,-9.31887
126,20,-9.32149
128,20,-9.32425
130,20,-9.32715
132,20,-9.33019
134,20,-9.33335
136,20,-9.33663
138,20,-9.34002
140,20,-9.3435
142,20,-9.34708
144,20,-9.35073
146,20,-9.35444
148,20,-9.35822
150,20,-9.36203
152,20,-9.36588
154,20,-9.36975
156,20,-9.37363
158,20,-9.37751
160,20,-9.38137
162,20,-9.38521
164,20,-9.38902
166,20,-9.39278
168,20,-9.39648
170,20,-9.40012
172,20,-9.40368
174,20,-9.40716
176,20,-9.41055
178,20,-9.41384
180,20,-9.41703
-180,22,-8.56198
-178,22,-8.56499
-176,22,-8.56789
-174,22,-8.57067
-172,22,-8.57333
-170,22,-8.57586
-168,22,-8.57826
-166,22,-8.58053
-164,22,-8.58266
-162,22,-8.58466
-160,22,-8.58651
-158,22,-8.58823
-156,22,-8.58981
-154,22,-8.59125
-152,22,-8.59255
-150,22,-8.59371
-148,22,-8.59473
-146,22,-8.59562
-144,22,-8.59636
-142,22,-8.59697
-140,22,-8.59744
-138,22,-8.59777
-136,22,-8.59797
-134,22,-8.59804
-132,22,-8.59796
-130,22,-8.59776
-128,22,-8.59742
-126,22,-8.59695
-124,22,-8.59634
-122,22,-8.5956
-120,22,-8.59473
-118,22,-8.59373
-116,22,-8.59259
-114,22,-8.59133
-112,22,-8.58993
-110,22,-8.58841
-108,22,-8.58675
-106,22,-8.58498
-104,22,-8.58307
-102,22,-8.58105
-100,22,-8.57891
-98,22,-8.57665
-96,22,-8.57427
-94,22,-8.57179
-92,22,-8.56921
-90,22,-8.56653
-88,22,-8.56376
-86,22,-8.56091
-84,22,-8.55798
-82,22,-8.55498
-80,22,-8.55192
-78,22,-8.54881
-76,22,-8.54566
-74,22,-8.54248
-72,22,-8.53927
-70,22,-8.53606
-68,22,-8.53285
-66,22,-8.52965
-64,22,-8.52648
-62,22,-8.52334
-60,22,-8.52025
-58,22,-8.51722
-56,22,-8.51426
-54,22,-8.51138
-52,22,-8.50859
-50,22,-8.5059
-48,22,-8.50332
-46,22,-8.50085
-44,22,-8.49851
-42,22,-8.4963
-40,22,-8.49423
-38,22,-8.49229
-36,22,-8.4905
-34,22,-8.48885
-32,22,-8.48735
-30,22,-8.486
-28,22,-8.48479
-26,22,-8.48372
-24,22,-8.4828
-22,22,-8.482
-20,22,-8.48134
-18,22,-8.4808
-16,22,-8.48037
-14,22,-8.48005
-12,22,-8.47982
-10,22,-8.47969
-8,22,-8.47963
-6,22,-8.47964
-4,22,-8.4797
-2,22,-8.47981
0,22,-8.47996
2,22,-8.48012
4,22,-8.4803
6,22,-8.48048
8,22,-8.48065
10,22,-8.4808
12,22,-8.48093
14,22,-8.48101
16,22,-8.48105
18,22,-8.48104
20,22,-8.48097
22,22,-8.48083
24,22,-8.48062
26,22,-8.48033
28,22,-8.47997
30,22,-8.47953
32,22,-8.47901
34,22,-8.4784
36,22,-8.47772
38,22,-8.47695
40,22,-8.47611
42,22,-8.4752
44,22,-8.47421
46,22,-8.47316
48,22,-8.47206
50,22,-8.4709
52,22,-8.46969
54,22,-8.46845
56,22,-8.46717
58,22,-8.46588
60,22,-8.46456
62,22,-8.46325
64,22,-8.46194
66,22,-8.46064
68,22,-8.45936
70,22,-8.45812
72,22,-8.45692
74,22,-8.45577
76,22,-8.45469
78,22,-8.45367
80,22,-8.45274
82,22,-8.4519
84,22,-8.45115
86,22,-8.45052
88,22,-8.44999
90,22,-8.4496
92,22,-8.44933
94,22,-8.4492
96,22,-8.44921
98,22,-8.44938
100,22,-8.44969
102,22,-8.45017
104,22,-8.45082
106,22,-8.45163
108,22,-8.4526
110,22,-8.45375
112,22,-8.45508
114,22,-8.45657
116,22,-8.45823
118,22,-8.46007
120,22,-8.46207
122,22,-8.46424
124,22,-8.46657
126,22,-8.46905
128,22,-8.47168
130,22,-8.47446
132,22,-8.47737
134,22,-8.48041
136,22,-8.48357
138,22,-8.48683
140,22,-8.49021
142,22,-8.49367
144,22,-8.49721
146,22,-8.50082
148,22,-8.50449
150,22,-8.5082
152,22,-8.51195
154,22,-8.51573
156,22,-8.51951
158,22,-8.5233
160,22,-8.52707
162,22,-8.53083
164,22,-8.53455
166,22,-8.53823
168,22,-8.54185
170,22,-8.54541
172,22,-8.5489
174,22,-8.55231
176,22,-8.55563
178,22,-8.55886
180,22,-8.56198
-180,24,-7.77857
-178,24,-7.78154
-176,24,-7.7844
-174,24,-7.78715
-172,24,-7.78977
-170,24,-7.79228
-168,24,-7.79466
-166,24,-7.79691
-164,24,-7.79903
-162,24,-7.80102
-160,24,-7.80288
-158,24,-7.8046
-156,24,-7.80619
-154,24,-7.80765
-152,24,-7.80897
-150,24,-7.81016
-148,24,-7.81121
-146,24,-7.81213
-144,24,-7.81292
-142,24,-7.81357
-140,24,-7.8141
-138,24,-7.81449
-136,24,-7.81474
-134,24,-7.81487
-132,24,-7.81486
-130,24,-7.81473
-128,24,-7.81446
-126,24,-7.81406
-124,24,-7.81352
-122,24,-7.81286
-120,24,-7.81206
-118,24,-7.81113
-116,24,-7.81007
-114,24,-7.80888
-112,24,-7.80755
-110,24,-7.80609
-108,24,-7.8045
-106,24,-7.80279
-104,24,-7.80094
-102,24,-7.79897
-100,24,-7.79687
-98,24,-7.79465
-96,24,-7.79231
-94,24,-7.78987
-92,24,-7.78731
-90,24,-7.78465
-88,24,-7.78189
-86,24,-7.77904
-84,24,-7.77612
-82,24,-7.77311
-80,24,-7.77004
-78,24,-7.76692
-76,24,-7.76375
-74,24,-7.76055
-72,24,-7.75732
-70,24,-7.75408
-68,24,-7.75084
-66,24,-7.74761
-64,24,-7.7444
-62,24,-7.74124
-60,24,-7.73812
-58,24,-7.73506
-56,24,-7.73208
-54,24,-7.72918
-52,24,-7.72637
-50,24,-7.72368
-48,24,-7.72109
-46,24,-7.71864
-44,24,-7.71631
-42,24,-7.71412
-40,24,-7.71208
-38,24,-7.71019
-36,24,-7.70846
-34,24,-7.70687
-32,24,-7.70545
-30,24,-7.70418
-28,24,-7.70307
-26,24,-7.70212
-24,24,-7.70131
-22,24,-7.70065
-20,24,-7.70012
-18,24,-7.69973
-16,24,-7.69946
-14,24,-7.6993
-12,24,-7.69925
-10,24,-7.69929
-8,24,-7.69942
-6,24,-7.69961
-4,24,-7.69987
-2,24,-7.70017
0,24,-7.70051
2,24,-7.70087
4,24,-7.70124
6,24,-7.70161
8,24,-7.70197
10,24,-7.7023
12,24,-7.7026
14,24,-7.70286
16,24,-7.70306
18,24,-7.7032
20,24,-7.70327
22,24,-7.70327
24,24,-7.70319
26,24,-7.70302
28,24,-7.70276
30,24,-7.70241
32,24,-7.70197
34,24,-7.70144
36,24,-7.70081
38,24,-7.70009
40,24,-7.69929
42,24,-7.6984
44,24,-7.69743
46,24,-7.69638
48,24,-7.69526
50,24,-7.69408
52,24,-7.69285
54,24,-7.69156
56,24,-7.69024
58,24,-7.68888
60,24,-7.6875
62,24,-7.68611
64,24,-7.68471
66,24,-7.68332
68,24,-7.68195
70,24,-7.6806
72,24,-7.67929
74,24,-7.67803
76,24,-7.67683
78,24,-7.67569
80,24,-7.67463
82,24,-7.67366
84,24,-7.67278
86,24,-7.67201
88,24,-7.67135
90,24,-7.67081
92,24,-7.6704
94,24,-7.67013
96,24,-7.67
98,24,-7.67002
100,24,-7.6702
102,24,-7.67053
104,24,-7.67104
106,24,-7.67171
108,24,-7.67255
110,24,-7.67356
112,24,-7.67475
114,24,-7.67611
116,24,-7.67764
118,24,-7.67935
120,24,-7.68122
122,24,-7.68327
124,24,-7.68547
126,24,-7.68784
128,24,-7.69036
130,24,-7.69302
132,24,-7.69582
134,24,-7.69875
136,24,-7.70181
138,24,-7.70498
140,24,-7.70825
142,24,-7.71161
144,24,-7.71506
146,24,-7.71858
148,24,-7.72216
150,24,-7.72579
152,24,-7.72946
154,24,-7.73315
156,24,-7.73686
158,24,-7.74057
160,24,-7.74427
162,24,-7.74795
164,24,-7.7516
166,24,-7.75521
168,24,-7.75877
170,24,-7.76227
172,24,-7.7657
174,24,-7.76905
176,24,-7.77232
178,24,-7.77549
180,24,-7.77857
-180,26,-7.05552
-178,26,-7.05846
-176,26,-7.06129
-174,26,-7.06401
-172,26,-7.06662
-170,26,-7.06911
-168,26,-7.07148
-166,26,-7.07372
-164,26,-7.07585
-162,26,-7.07784
-160,26,-7.07971
-158,26,-7.08145
-156,26,-7.08306
-154,26,-7.08454
-152,26,-7.08589
-150,26,-7.08711
-148,26,-7.0882
-146,26,-7.08917
-144,26,-7.09
-142,26,-7.09071
-140,26,-7.09128
-138,26,-7.09173
-136,26,-7.09205
-134,26,-7.09224
-132,26,-7.0923
-130,26,-7.09223
-128,26,-7.09202
-126,26,-7.09169
-124,26,-7.09123
-122,26,-7.09063
-120,26,-7.0899
-118,26,-7.08903
-116,26,-7.08804
-114,26,-7.0869
-112,26,-7.08563
-110,26,-7.08423
-108,26,-7.08269
-106,26,-7.08102
-104,26,-7.07922
-102,26,-7.07728
-100,26,-7.07521
-98,26,-7.07302
-96,26,-7.07071
-94,26,-7.06827
-92,26,-7.06572
-90,26,-7.06307
-88,26,-7.06031
-86,26,-7.05745
-84,26,-7.05451
-82,26,-7.05148
-80,26,-7.04839
-78,26,-7.04524
-76,26,-7.04203
-74,26,-7.03879
-72,26,-7.03552
-70,26,-7.03224
-68,26,-7.02895
-66,26,-7.02568
-64,26,-7.02243
-62,26,-7.01922
-60,26,-7.01605
-58,26,-7.01296
-56,26,-7.00994
-54,26,-7.007
-52,26,-7.00417
-50,26,-7.00146
-48,26,-6.99886
-46,26,-6.9964
-44,26,-6.99407
-42,26,-6.9919
-40,26,-6.98988
-38,26,-6.98802
-36,26,-6.98633
-34,26,-6.9848
-32,26,-6.98344
-30,26,-6.98225
-28,26,-6.98123
-26,26,-6.98037
-24,26,-6.97968
-22,26,-6.97914
-20,26,-6.97874
-18,26,-6.97849
-16,26,-6.97837
-14,26,-6.97837
-12,26,-6.97849
-10,26,-6.97871
-8,26,-6.97901
-6,26,-6.97939
-4,26,-6.97983
-2,26,-6.98032
0,26,-6.98085
2,26,-6.98141
4,26,-6.98197
6,26,-6.98253
8,26,-6.98307
10,26,-6.98359
12,26,-6.98406
14,26,-6.98449
16,26,-6.98485
18,26,-6.98515
20,26,-6.98537
22,26,-6.98551
24,26,-6.98555
26,26,-6.9855
28,26,-6.98535
30,26,-6.9851
32,26,-6.98474
34,26,-6.98428
36,26,-6.98372
38,26,-6.98305
40,26,-6.98228
42,26,-6.98142
44,26,-6.98046
46,26,-6.97941
48,26,-6.97829
50,26,-6.97709
52,26,-6.97582
54,26,-6.9745
56,26,-6.97312
58,26,-6.97171
60,26,-6.97026
62,26,-6.9688
64,26,-6.96732
66,26,-6.96584
68,26,-6.96438
70,26,-6.96293
72,26,-6.96152
74,26,-6.96014
76,26,-6.95883
78,26,-6.95757
80,26,-6.95639
82,26,-6.95529
84,26,-6.95428
86,26,-6.95338
88,26,-6.95259
90,26,-6.95192
92,26,-6.95138
94,26,-6.95098
96,26,-6.95072
98,26,-6.95061
100,26,-6.95065
102,26,-6.95086
104,26,-6.95123
106,26,-6.95177
108,26,-6.95249
110,26,-6.95338
112,26,-6.95444
114,26,-6.95568
116,26,-6.9571
118,26,-6.95869
120,26,-6.96045
122,26,-6.96238
124,26,-6.96448
126,26,-6.96674
128,26,-6.96915
130,26,-6.97171
132,26,-6.97442
134,26,-6.97725
136,26,-6.98022
138,26,-6.98329
140,26,-6.98648
142,26,-6.98976
144,26,-6.99312
146,26,-6.99656
148,26,-7.00006
150,26,-7.00361
152,26,-7.0072
154,26,-7.01082
156,26,-7.01446
158,26,-7.0181
160,26,-7.02174
162,26,-7.02535
164,26,-7.02894
166,26,-7.03249
168,26,-7.03599
170,26,-7.03944
172,26,-7.04282
174,26,-7.04612
176,26,-7.04935
178,26,-7.05248
180,26,-7.05552
-180,28,-6.38418
-178,28,-6.38709
-176,28,-6.3899
-174,28,-6.39261
-172,28,-6.3952
-170,28,-6.39768
-168,28,-6.40005
-166,28,-6.4023
-164,28,-6.40442
-162,28,-6.40643
-160,28,-6.40831
-158,28,-6.41007
-156,28,-6.41171
-154,28,-6.41322
-152,28,-6.41461
-150,28,-6.41587
-148,28,-6.41701
-146,28,-6.41802
-144,28,-6.4189
-142,28,-6.41966
-140,28,-6.4203
-138,28,-6.4208
-136,28,-6.42118
-134,28,-6.42143
-132,28,-6.42156
-130,28,-6.42155
-128,28,-6.42141
-126,28,-6.42114
-124,28,-6.42074
-122,28,-6.4202
-120,28,-6.41953
-118,28,-6.41873
-116,28,-6.41778
-114,28,-6.4167
-112,28,-6.41548
-110,28,-6.41412
-108,28,-6.41262
-106,28,-6.41098
-104,28,-6.40921
-102,28,-6.4073
-100,28,-6.40525
-98,28,-6.40307
-96,28,-6.40076
-94,28,-6.39833
-92,28,-6.39578
-90,28,-6.39311
-88,28,-6.39034
-86,28,-6.38746
-84,28,-6.38449
-82,28,-6.38143
-80,28,-6.3783
-78,28,-6.37511
-76,28,-6.37186
-74,28,-6.36857
-72,28,-6.36525
-70,28,-6.36191
-68,28,-6.35857
-66,28,-6.35524
-64,28,-6.35194
-62,28,-6.34867
-60,28,-6.34546
-58,28,-6.34231
-56,28,-6.33925
-54,28,-6.33628
-52,28,-6.33341
-50,28,-6.33066
-48,28,-6.32805
-46,28,-6.32557
-44,28,-6.32324
-42,28,-6.32107
-40,28,-6.31907
-38,28,-6.31724
-36,28,-6.31558
-34,28,-6.3141
-32,28,-6.3128
-30,28,-6.31168
-28,28,-6.31074
-26,28,-6.30998
-24,28,-6.30939
-22,28,-6.30896
-20,28,-6.3087
-18,28,-6.30858
-16,28,-6.30861
-14,28,-6.30877
-12,28,-6.30905
-10,28,-6.30944
-8,28,-6.30992
-6,28,-6.31048
-4,28,-6.31111
-2,28,-6.31179
0,28,-6.31251
2,28,-6.31326
4,28,-6.31401
6,28,-6.31476
8,28,-6.31549
10,28,-6.31619
12,28,-6.31685
14,28,-6.31745
16,28,-6.31798
18,28,-6.31844
20,28,-6.31881
22,28,-6.31909
24,28,-6.31926
26,28,-6.31933
28,28,-6.31929
30,28,-6.31914
32,28,-6.31887
34,28,-6.31849
36,28,-6.31799
38,28,-6.31737
40,28,-6.31664
42,28,-6.3158
44,28,-6.31486
46,28,-6.31382
48,28,-6.31269
50,28,-6.31147
52,28,-6.31018
54,28,-6.30881
56,28,-6.30739
58,28,-6.30592
60,28,-6.30441
62,28,-6.30287
64,28,-6.30131
66,28,-6.29975
68,28,-6.29819
70,28,-6.29664
72,28,-6.29512
74,28,-6.29364
76,28,-6.29221
78,28,-6.29084
80,28,-6.28954
82,28,-6.28832
84,28,-6.28719
86,28,-6.28617
88,28,-6.28525
90,28,-6.28446
92,28,-6.28379
94,28,-6.28326
96,28,-6.28288
98,28,-6.28264
100,28,-6.28257
102,28,-6.28265
104,28,-6.2829
106,28,-6.28332
108,28,-6.28392
110,28,-6.28469
112,28,-6.28564
114,28,-6.28677
116,28,-6.28808
118,28,-6.28956
120,28,-6.29122
122,28,-6.29305
124,28,-6.29505
126,28,-6.29721
128,28,-6.29953
130,28,-6.30199
132,28,-6.30461
134,28,-6.30736
136,28,-6.31023
138,28,-6.31322
140,28,-6.31633
142,28,-6.31952
144,28,-6.32281
146,28,-6.32617
148,28,-6.3296
150,28,-6.33308
152,28,-6.3366
154,28,-6.34015
156,28,-6.34372
158,28,-6.34729
160,28,-6.35087
162,28,-6.35442
164,28,-6.35795
166,28,-6.36145
168,28,-6.3649
170,28,-6.3683
172,28,-6.37163
174,28,-6.37489
176,28,-6.37807
178,28,-6.38117
180,28,-6.38418
-180,30,-5.75781
-178,30,-5.7607
-176,30,-5.76349
-174,30,-5.76618
-172,30,-5.76876
-170,30,-5.77124
-168,30,-5.77361
-166,30,-5.77586
-164,30,-5.778
-162,30,-5.78002
-160,30,-5.78193
-158,30,-5.78372
-156,30,-5.78538
-154,30,-5.78693
-152,30,-5.78836
-150,30,-5.78967
-148,30,-5.79085
-146,30,-5.79191
-144,30,-5.79285
-142,30,-5.79366
-140,30,-5.79435
-138,30,-5.79492
-136,30,-5.79536
-134,30,-5.79567
-132,30,-5.79586
-130,30,-5.79591
-128,30,-5.79583
-126,30,-5.79562
-124,30,-5.79527
-122,30,-5.79479
-120,30,-5.79417
-118,30,-5.79342
-116,30,-5.79252
-114,30,-5.79148
-112,30,-5.7903
-110,30,-5.78897
-108,30,-5.7875
-106,30,-5.78589
-104,30,-5.78413
-102,30,-5.78223
-100,30,-5.7802
-98,30,-5.77802
-96,30,-5.77571
-94,30,-5.77327
-92,30,-5.7707
-90,30,-5.76802
-88,30,-5.76522
-86,30,-5.76231
-84,30,-5.7593
-82,30,-5.75621
-80,30,-5.75303
-78,30,-5.74979
-76,30,-5.74649
-74,30,-5.74314
-72,30,-5.73977
-70,30,-5.73637
-68,30,-5.73297
-66,30,-5.72958
-64,30,-5.72622
-62,30,-5.7229
-60,30,-5.71963
-58,30,-5.71643
-56,30,-5.71331
-54,30,-5.7103
-52,30,-5.70739
-50,30,-5.70461
-48,30,-5.70197
-46,30,-5.69947
-44,30,-5.69714
-42,30,-5.69497
-40,30,-5.69298
-38,30,-5.69117
-36,30,-5.68954
-34,30,-5.68811
-32,30,-5.68687
-30,30,-5.68582
-28,30,-5.68496
-26,30,-5.68428
-24,30,-5.6838
-22,30,-5.68349
-20,30,-5.68335
-18,30,-5.68337
-16,30,-5.68354
-14,30,-5.68385
-12,30,-5.68429
-10,30,-5.68485
-8,30,-5.68551
-6,30,-5.68626
-4,30,-5.68707
-2,30,-5.68794
0,30,-5.68886
2,30,-5.6898
4,30,-5.69075
6,30,-5.69169
8,30,-5.69261
10,30,-5.6935
12,30,-5.69434
14,30,-5.69512
16,30,-5.69582
18,30,-5.69644
20,30,-5.69697
22,30,-5.69739
24,30,-5.69771
26,30,-5.6979
28,30,-5.69798
30,30,-5.69793
32,30,-5.69775
34,30,-5.69745
36,30,-5.69701
38,30,-5.69645
40,30,-5.69576
42,30,-5.69496
44,30,-5.69403
46,30,-5.693
48,30,-5.69186
50,30,-5.69062
52,30,-5.6893
54,30,-5.6879
56,30,-5.68643
58,30,-5.6849
60,30,-5.68332
62,30,-5.68171
64,30,-5.68007
66,30,-5.67842
68,30,-5.67677
70,30,-5.67512
72,30,-5.6735
74,30,-5.67191
76,30,-5.67037
78,30,-5.66889
80,30,-5.66747
82,30,-5.66613
84,30,-5.66488
86,30,-5.66374
88,30,-5.6627
90,30,-5.66179
92,30,-5.661
94,30,-5.66035
96,30,-5.65984
98,30,-5.65949
100,30,-5.65929
102,30,-5.65926
104,30,-5.6594
106,30,-5.65971
108,30,-5.66019
110,30,-5.66086
112,30,-5.6617
114,30,-5.66273
116,30,-5.66393
118,30,-5.66531
120,30,-5.66687
122,30,-5.66861
124,30,-5.67051
126,30,-5.67258
128,30,-5.67481
130,30,-5.67719
132,30,-5.67972
134,30,-5.68238
136,30,-5.68517
138,30,-5.68809
140,30,-5.69111
142,30,-5.69423
144,30,-5.69744
146,30,-5.70072
148,30,-5.70408
150,30,-5.70749
152,30,-5.71094
154,30,-5.71442
156,30,-5.71792
158,30,-5.72143
160,30,-5.72494
162,30,-5.72844
164,30,-5.73192
166,30,-5.73536
168,30,-5.73876
170,30,-5.7421
172,30,-5.74539
174,30,-5.74861
176,30,-5.75176
178,30,-5.75483
180,30,-5.75781
-180,32,-5.17107
-178,32,-5.17394
-176,32,-5.17671
-174,32,-5.17939
-172,32,-5.18197
-170,32,-5.18444
-168,32,-5.18682
-166,32,-5.18908
-164,32,-5.19123
-162,32,-5.19328
-160,32,-5.19521
-158,32,-5.19703
-156,32,-5.19873
-154,32,-5.20032
-152,32,-5.20179
-150,32,-5.20314
-148,32,-5.20437
-146,32,-5.20548
-144,32,-5.20648
-142,32,-5.20735
-140,32,-5.2081
-138,32,-5.20872
-136,32,-5.20922
-134,32,-5.20959
-132,32,-5.20983
-130,32,-5.20994
-128,32,-5.20992
-126,32,-5.20976
-124,32,-5.20947
-122,32,-5.20903
-120,32,-5.20846
-118,32,-5.20774
-116,32,-5.20688
-114,32,-5.20588
-112,32,-5.20472
-110,32,-5.20342
-108,32,-5.20197
-106,32,-5.20037
-104,32,-5.19863
-102,32,-5.19673
-100,32,-5.19469
-98,32,-5.19251
-96,32,-5.19019
-94,32,-5.18773
-92,32,-5.18514
-90,32,-5.18243
-88,32,-5.1796
-86,32,-5.17665
-84,32,-5.17361
-82,32,-5.17047
-80,32,-5.16724
-78,32,-5.16395
-76,32,-5.16059
-74,32,-5.15719
-72,32,-5.15375
-70,32,-5.15029
-68,32,-5.14683
-66,32,-5.14338
-64,32,-5.13996
-62,32,-5.13657
-60,32,-5.13325
-58,32,-5.12999
-56,32,-5.12683
-54,32,-5.12377
-52,32,-5.12083
-50,32,-5.11801
-48,32,-5.11535
-46,32,-5.11283
-44,32,-5.11049
-42,32,-5.10832
-40,32,-5.10634
-38,32,-5.10455
-36,32,-5.10296
-34,32,-5.10157
-32,32,-5.10038
-30,32,-5.0994
-28,32,-5.09862
-26,32,-5.09804
-24,32,-5.09765
-22,32,-5.09745
-20,32,-5.09744
-18,32,-5.09759
-16,32,-5.09791
-14,32,-5.09838
-12,32,-5.09898
-10,32,-5.09971
-8,32,-5.10055
-6,32,-5.10147
-4,32,-5.10248
-2,32,-5.10354
0,32,-5.10465
2,32,-5.10579
4,32,-5.10694
6,32,-5.10807
8,32,-5.10919
10,32,-5.11027
12,32,-5.1113
14,32,-5.11226
16,32,-5.11314
18,32,-5.11393
20,32,-5.11462
22,32,-5.11519
24,32,-5.11565
26,32,-5.11598
28,32,-5.11617
30,32,-5.11623
32,32,-5.11615
34,32,-5.11593
36,32,-5.11556
38,32,-5.11506
40,32,-5.11442
42,32,-5.11364
44,32,-5.11274
46,32,-5.11171
48,32,-5.11057
50,32,-5.10932
52,32,-5.10797
54,32,-5.10653
56,32,-5.10501
58,32,-5.10342
60,32,-5.10178
62,32,-5.10009
64,32,-5.09837
66,32,-5.09663
68,32,-5.09488
70,32,-5.09314
72,32,-5.09141
74,32,-5.08971
76,32,-5.08806
78,32,-5.08646
80,32,-5.08493
82,32,-5.08347
84,32,-5.08211
86,32,-5.08084
88,32,-5.07969
90,32,-5.07865
92,32,-5.07775
94,32,-5.07698
96,32,-5.07636
98,32,-5.07589
100,32,-5.07558
102,32,-5.07544
104,32,-5.07546
106,32,-5.07567
108,32,-5.07605
110,32,-5.07661
112,32,-5.07735
114,32,-5.07828
116,32,-5.07938
118,32,-5.08067
120,32,-5.08214
122,32,-5.08378
124,32,-5.0856
126,32,-5.08758
128,32,-5.08972
130,32,-5.09202
132,32,-5.09446
134,32,-5.09704
136,32,-5.09976
138,32,-5.10259
140,32,-5.10553
142,32,-5.10858
144,32,-5.11171
146,32,-5.11492
148,32,-5.1182
150,32,-5.12154
152,32,-5.12492
154,32,-5.12833
156,32,-5.13177
158,32,-5.13521
160,32,-5.13866
162,32,-5.1421
164,32,-5.14551
166,32,-5.1489
168,32,-5.15225
170,32,-5.15555
172,32,-5.15879
174,32,-5.16197
176,32,-5.16508
178,32,-5.16812
180,32,-5.17107
-180,34,-4.61971
-178,34,-4.62255
-176,34,-4.62531
-174,34,-4.62798
-172,34,-4.63055
-170,34,-4.63303
-168,34,-4.63541
-166,34,-4.63768
-164,34,-4.63985
-162,34,-4.64192
-160,34,-4.64388
-158,34,-4.64573
-156,34,-4.64747
-154,34,-4.6491
-152,34,-4.65061
-150,34,-4.65201
-148,34,-4.65329
-146,34,-4.65446
-144,34,-4.65551
-142,34,-4.65643
-140,34,-4.65724
-138,34,-4.65792
-136,34,-4.65847
-134,34,-4.6589
-132,34,-4.65919
-130,34,-4.65936
-128,34,-4.65938
-126,34,-4.65927
-124,34,-4.65902
-122,34,-4.65863
-120,34,-4.6581
-118,34,-4.65741
-116,34,-4.65658
-114,34,-4.6556
-112,34,-4.65447
-110,34,-4.65318
-108,34,-4.65174
-106,34,-4.65015
-104,34,-4.64841
-102,34,-4.64651
-100,34,-4.64446
-98,34,-4.64226
-96,34,-4.63992
-94,34,-4.63744
-92,34,-4.63482
-90,34,-4.63208
-88,34,-4.62921
-86,34,-4.62622
-84,34,-4.62313
-82,34,-4.61994
-80,34,-4.61666
-78,34,-4.61331
-76,34,-4.6099
-74,34,-4.60644
-72,34,-4.60294
-70,34,-4.59942
-68,34,-4.5959
-66,34,-4.59239
-64,34,-4.58891
-62,34,-4.58547
-60,34,-4.58209
-58,34,-4.57878
-56,34,-4.57557
-54,34,-4.57247
-52,34,-4.56949
-50,34,-4.56664
-48,34,-4.56395
-46,34,-4.56143
-44,34,-4.55908
-42,34,-4.55691
-40,34,-4.55494
-38,34,-4.55318
-36,34,-4.55162
-34,34,-4.55027
-32,34,-4.54914
-30,34,-4.54822
-28,34,-4.54752
-26,34,-4.54703
-24,34,-4.54675
-22,34,-4.54666
-20,34,-4.54677
-18,34,-4.54706
-16,34,-4.54752
-14,34,-4.54815
-12,34,-4.54891
-10,34,-4.54981
-8,34,-4.55083
-6,34,-4.55194
-4,34,-4.55314
-2,34,-4.5544
0,34,-4.5557
2,34,-4.55704
4,34,-4.55839
6,34,-4.55973
8,34,-4.56104
10,34,-4.56232
12,34,-4.56354
14,34,-4.56468
16,34,-4.56575
18,34,-4.56671
20,34,-4.56756
22,34,-4.5683
24,34,-4.5689
26,34,-4.56936
28,34,-4.56968
30,34,-4.56986
32,34,-4.56987
34,34,-4.56974
36,34,-4.56945
38,34,-4.56901
40,34,-4.56841
42,34,-4.56767
44,34,-4.56679
46,34,-4.56577
48,34,-4.56462
50,34,-4.56336
52,34,-4.56198
54,34,-4.5605
56,34,-4.55893
58,34,-4.55729
60,34,-4.55558
62,34,-4.55381
64,34,-4.55201
66,34,-4.55018
68,34,-4.54833
70,34,-4.54648
72,34,-4.54465
74,34,-4.54285
76,34,-4.54108
78,34,-4.53936
80,34,-4.53771
82,34,-4.53614
84,34,-4.53466
86,34,-4.53327
88,34,-4.532
90,34,-4.53085
92,34,-4.52983
94,34,-4.52894
96,34,-4.52821
98,34,-4.52763
100,34,-4.52721
102,34,-4.52696
104,34,-4.52689
106,34,-4.52699
108,34,-4.52727
110,34,-4.52773
112,34,-4.52838
114,34,-4.52921
116,34,-4.53022
118,34,-4.53142
120,34,-4.5328
122,34,-4.53436
124,34,-4.53609
126,34,-4.53798
128,34,-4.54004
130,34,-4.54225
132,34,-4.54462
134,34,-4.54712
136,34,-4.54975
138,34,-4.5525
140,34,-4.55537
142,34,-4.55833
144,34,-4.56139
146,34,-4.56453
148,34,-4.56773
150,34,-4.57099
152,34,-4.5743
154,34,-4.57764
156,34,-4.58101
158,34,-4.58439
160,34,-4.58777
162,34,-4.59114
164,34,-4.5945
166,34,-4.59782
168,34,-4.60112
170,34,-4.60437
172,34,-4.60757
174,34,-4.61071
176,34,-4.61378
178,34,-4.61678
180,34,-4.61971
-180,36,-4.10029
-178,36,-4.10311
-176,36,-4.10585
-174,36,-4.10851
-172,36,-4.11108
-170,36,-4.11356
-168,36,-4.11594
-166,36,-4.11823
-164,36,-4.12042
-162,36,-4.12251
-160,36,-4.1245
-158,36,-4.12638
-156,36,-4.12816
-154,36,-4.12983
-152,36,-4.13139
-150,36,-4.13283
-148,36,-4.13417
-146,36,-4.13539
-144,36,-4.13649
-142,36,-4.13747
-140,36,-4.13833
-138,36,-4.13906
-136,36,-4.13967
-134,36,-4.14015
-132,36,-4.14049
-130,36,-4.1407
-128,36,-4.14077
-126,36,-4.14071
-124,36,-4.14049
-122,36,-4.14014
-120,36,-4.13963
-118,36,-4.13897
-116,36,-4.13816
-114,36,-4.1372
-112,36,-4.13608
-110,36,-4.1348
-108,36,-4.13336
-106,36,-4.13177
-104,36,-4.13002
-102,36,-4.12811
-100,36,-4.12604
-98,36,-4.12382
-96,36,-4.12146
-94,36,-4.11895
-92,36,-4.1163
-90,36,-4.11351
-88,36,-4.1106
-86,36,-4.10757
-84,36,-4.10443
-82,36,-4.10119
-80,36,-4.09786
-78,36,-4.09446
-76,36,-4.09099
-74,36,-4.08747
-72,36,-4.08391
-70,36,-4.08034
-68,36,-4.07676
-66,36,-4.07319
-64,36,-4.06965
-62,36,-4.06616
-60,36,-4.06273
-58,36,-4.05938
-56,36,-4.05612
-54,36,-4.05298
-52,36,-4.04997
-50,36,-4.0471
-48,36,-4.04439
-46,36,-4.04185
-44,36,-4.0395
-42,36,-4.03734
-40,36,-4.03539
-38,36,-4.03365
-36,36,-4.03213
-34,36,-4.03083
-32,36,-4.02975
-30,36,-4.0289
-28,36,-4.02828
-26,36,-4.02788
-24,36,-4.0277
-22,36,-4.02773
-20,36,-4.02796
-18,36,-4.02839
-16,36,-4.029
-14,36,-4.02978
-12,36,-4.03071
-10,36,-4.03178
-8,36,-4.03297
-6,36,-4.03427
-4,36,-4.03566
-2,36,-4.03712
0,36,-4.03862
2,36,-4.04016
4,36,-4.04171
6,36,-4.04325
8,36,-4.04477
10,36,-4.04625
12,36,-4.04766
14,36,-4.049
16,36,-4.05025
18,36,-4.05139
20,36,-4.05242
22,36,-4.05331
24,36,-4.05406
26,36,-4.05467
28,36,-4.05512
30,36,-4.05541
32,36,-4.05553
34,36,-4.05549
36,36,-4.05528
38,36,-4.0549
40,36,-4.05436
42,36,-4.05366
44,36,-4.0528
46,36,-4.05179
48,36,-4.05064
50,36,-4.04935
52,36,-4.04795
54,36,-4.04643
56,36,-4.04481
58,36,-4.04311
60,36,-4.04133
62,36,-4.03948
64,36,-4.03759
66,36,-4.03567
68,36,-4.03372
70,36,-4.03177
72,36,-4.02983
74,36,-4.02791
76,36,-4.02603
78,36,-4.0242
80,36,-4.02243
82,36,-4.02074
84,36,-4.01914
86,36,-4.01764
88,36,-4.01625
90,36,-4.01498
92,36,-4.01384
94,36,-4.01285
96,36,-4.012
98,36,-4.01132
100,36,-4.01079
102,36,-4.01044
104,36,-4.01026
106,36,-4.01026
108,36,-4.01045
110,36,-4.01081
112,36,-4.01137
114,36,-4.01211
116,36,-4.01304
118,36,-4.01415
120,36,-4.01544
122,36,-4.01691
124,36,-4.01856
126,36,-4.02037
128,36,-4.02235
130,36,-4.02448
132,36,-4.02676
134,36,-4.02919
136,36,-4.03174
138,36,-4.03441
140,36,-4.0372
142,36,-4.04008
144,36,-4.04306
146,36,-4.04612
148,36,-4.04925
150,36,-4.05243
152,36,-4.05566
154,36,-4.05893
156,36,-4.06222
158,36,-4.06553
160,36,-4.06884
162,36,-4.07215
164,36,-4.07544
166,36,-4.07871
168,36,-4.08195
170,36,-4.08514
172,36,-4.08829
174,36,-4.09139
176,36,-4.09442
178,36,-4.09739
180,36,-4.10029
-180,38,-3.61003
-178,38,-3.61283
-176,38,-3.61555
-174,38,-3.6182
-172,38,-3.62076
-170,38,-3.62324
-168,38,-3.62563
-166,38,-3.62794
-164,38,-3.63014
-162,38,-3.63226
-160,38,-3.63427
-158,38,-3.63619
-156,38,-3.63801
-154,38,-3.63972
-152,38,-3.64132
-150,38,-3.64281
-148,38,-3.6442
-146,38,-3.64547
-144,38,-3.64662
-142,38,-3.64765
-140,38,-3.64856
-138,38,-3.64935
-136,38,-3.65
-134,38,-3.65053
-132,38,-3.65092
-130,38,-3.65117
-128,38,-3.65128
-126,38,-3.65125
-124,38,-3.65107
-122,38,-3.65074
-120,38,-3.65025
-118,38,-3.64962
-116,38,-3.64882
-114,38,-3.64786
-112,38,-3.64675
-110,38,-3.64547
-108,38,-3.64402
-106,38,-3.64242
-104,38,-3.64065
-102,38,-3.63872
-100,38,-3.63664
-98,38,-3.63439
-96,38,-3.63199
-94,38,-3.62945
-92,38,-3.62676
-90,38,-3.62393
-88,38,-3.62098
-86,38,-3.6179
-84,38,-3.61471
-82,38,-3.61142
-80,38,-3.60804
-78,38,-3.60458
-76,38,-3.60106
-74,38,-3.59749
-72,38,-3.59388
-70,38,-3.59025
-68,38,-3.58662
-66,38,-3.583
-64,38,-3.57941
-62,38,-3.57587
-60,38,-3.57239
-58,38,-3.569
-56,38,-3.56571
-54,38,-3.56254
-52,38,-3.5595
-50,38,-3.55661
-48,38,-3.55389
-46,38,-3.55135
-44,38,-3.549
-42,38,-3.54685
-40,38,-3.54492
-38,38,-3.54321
-36,38,-3.54173
-34,38,-3.54048
-32,38,-3.53946
-30,38,-3.53869
-28,38,-3.53815
-26,38,-3.53784
-24,38,-3.53776
-22,38,-3.53791
-20,38,-3.53827
-18,38,-3.53883
-16,38,-3.53959
-14,38,-3.54052
-12,38,-3.54161
-10,38,-3.54286
-8,38,-3.54423
-6,38,-3.54572
-4,38,-3.5473
-2,38,-3.54895
0,38,-3.55066
2,38,-3.5524
4,38,-3.55415
6,38,-3.5559
8,38,-3.55763
10,38,-3.5593
12,38,-3.56092
14,38,-3.56245
16,38,-3.56389
18,38,-3.56522
20,38,-3.56641
22,38,-3.56748
24,38,-3.56839
26,38,-3.56914
28,38,-3.56972
30,38,-3.57013
32,38,-3.57037
34,38,-3.57042
36,38,-3.57029
38,38,-3.56998
40,38,-3.56949
42,38,-3.56883
44,38,-3.56799
46,38,-3.567
48,38,-3.56584
50,38,-3.56454
52,38,-3.56311
54,38,-3.56155
56,38,-3.55988
58,38,-3.55812
60,38,-3.55626
62,38,-3.55434
64,38,-3.55236
66,38,-3.55034
68,38,-3.5483
70,38,-3.54624
72,38,-3.54419
74,38,-3.54216
76,38,-3.54016
78,38,-3.53821
80,38,-3.53632
82,38,-3.53451
84,38,-3.53279
86,38,-3.53117
88,38,-3.52966
90,38,-3.52828
92,38,-3.52703
94,38,-3.52592
96,38,-3.52497
98,38,-3.52417
100,38,-3.52355
102,38,-3.52309
104,38,-3.52282
106,38,-3.52272
108,38,-3.52281
110,38,-3.52309
112,38,-3.52356
114,38,-3.52421
116,38,-3.52505
118,38,-3.52608
120,38,-3.52729
122,38,-3.52868
124,38,-3.53024
126,38,-3.53198
128,38,-3.53387
130,38,-3.53593
132,38,-3.53813
134,38,-3.54047
136,38,-3.54294
138,38,-3.54553
140,38,-3.54824
142,38,-3.55104
144,38,-3.55394
146,38,-3.55692
148,38,-3.55996
150,38,-3.56307
152,38,-3.56622
154,38,-3.56941
156,38,-3.57262
158,38,-3.57586
160,38,-3.5791
162,38,-3.58233
164,38,-3.58556
166,38,-3.58877
168,38,-3.59194
170,38,-3.59508
172,38,-3.59818
174,38,-3.60123
176,38,-3.60423
178,38,-3.60716
180,38,-3.61003
-180,40,-3.14666
-178,40,-3.14943
-176,40,-3.15214
-174,40,-3.15477
-172,40,-3.15733
-170,40,-3.15981
-168,40,-3.16221
-166,40,-3.16452
-164,40,-3.16675
-162,40,-3.16889
-160,40,-3.17093
-158,40,-3.17288
-156,40,-3.17473
-154,40,-3.17648
-152,40,-3.17813
-150,40,-3.17967
-148,40,-3.1811
-146,40,-3.18241
-144,40,-3.18362
-142,40,-3.1847
-140,40,-3.18566
-138,40,-3.18649
-136,40,-3.18719
-134,40,-3.18776
-132,40,-3.18818
-130,40,-3.18847
-128,40,-3.18862
-126,40,-3.18861
-124,40,-3.18846
-122,40,-3.18815
-120,40,-3.18768
-118,40,-3.18705
-116,40,-3.18626
-114,40,-3.1853
-112,40,-3.18418
-110,40,-3.18289
-108,40,-3.18144
-106,40,-3.17982
-104,40,-3.17803
-102,40,-3.17607
-100,40,-3.17396
-98,40,-3.17168
-96,40,-3.16925
-94,40,-3.16666
-92,40,-3.16393
-90,40,-3.16106
-88,40,-3.15806
-86,40,-3.15494
-84,40,-3.1517
-82,40,-3.14836
-80,40,-3.14493
-78,40,-3.14142
-76,40,-3.13785
-74,40,-3.13422
-72,40,-3.13057
-70,40,-3.12689
-68,40,-3.12321
-66,40,-3.11954
-64,40,-3.11591
-62,40,-3.11233
-60,40,-3.10882
-58,40,-3.1054
-56,40,-3.10208
-54,40,-3.09888
-52,40,-3.09583
-50,40,-3.09293
-48,40,-3.0902
-46,40,-3.08766
-44,40,-3.08532
-42,40,-3.08319
-40,40,-3.08128
-38,40,-3.07961
-36,40,-3.07817
-34,40,-3.07697
-32,40,-3.07603
-30,40,-3.07532
-28,40,-3.07487
-26,40,-3.07466
-24,40,-3.07469
-22,40,-3.07495
-20,40,-3.07543
-18,40,-3.07613
-16,40,-3.07704
-14,40,-3.07812
-12,40,-3.07938
-10,40,-3.0808
-8,40,-3.08236
-6,40,-3.08403
-4,40,-3.0858
-2,40,-3.08765
0,40,-3.08956
2,40,-3.0915
4,40,-3.09347
6,40,-3.09542
8,40,-3.09735
10,40,-3.09923
12,40,-3.10105
14,40,-3.10278
16,40,-3.10441
18,40,-3.10592
20,40,-3.1073
22,40,-3.10853
24,40,-3.1096
26,40,-3.1105
28,40,-3.11123
30,40,-3.11176
32,40,-3.11211
34,40,-3.11226
36,40,-3.11222
38,40,-3.11198
40,40,-3.11155
42,40,-3.11092
44,40,-3.11012
46,40,-3.10913
48,40,-3.10798
50,40,-3.10666
52,40,-3.1052
54,40,-3.1036
56,40,-3.10188
58,40,-3.10005
60,40,-3.09812
62,40,-3.09612
64,40,-3.09405
66,40,-3.09193
68,40,-3.08978
70,40,-3.08762
72,40,-3.08545
74,40,-3.0833
76,40,-3.08119
78,40,-3.07912
80,40,-3.07711
82,40,-3.07518
84,40,-3.07334
86,40,-3.0716
88,40,-3.06997
90,40,-3.06848
92,40,-3.06711
94,40,-3.0659
96,40,-3.06484
98,40,-3.06394
100,40,-3.06321
102,40,-3.06266
104,40,-3.06229
106,40,-3.0621
108,40,-3.0621
110,40,-3.06229
112,40,-3.06267
114,40,-3.06324
116,40,-3.064
118,40,-3.06494
120,40,-3.06607
122,40,-3.06738
124,40,-3.06886
126,40,-3.07052
128,40,-3.07234
130,40,-3.07431
132,40,-3.07643
134,40,-3.07869
136,40,-3.08108
138,40,-3.08359
140,40,-3.08621
142,40,-3.08894
144,40,-3.09175
146,40,-3.09464
148,40,-3.09761
150,40,-3.10063
152,40,-3.1037
154,40,-3.10681
156,40,-3.10994
158,40,-3.1131
160,40,-3.11626
162,40,-3.11943
164,40,-3.12258
166,40,-3.12572
168,40,-3.12884
170,40,-3.13192
172,40,-3.13497
174,40,-3.13797
176,40,-3.14092
178,40,-3.14382
180,40,-3.14666
-180,42,-2.70831
-178,42,-2.71106
-176,42,-2.71374
-174,42,-2.71636
-172,42,-2.71892
-170,42,-2.72139
-168,42,-2.7238
-166,42,-2.72613
-164,42,-2.72837
-162,42,-2.73053
-160,42,-2.7326
-158,42,-2.73458
-156,42,-2.73647
-154,42,-2.73826
-152,42,-2.73994
-150,42,-2.74153
-148,42,-2.743
-146,42,-2.74436
-144,42,-2.74561
-142,42,-2.74673
-140,42,-2.74774
-138,42,-2.74861
-136,42,-2.74935
-134,42,-2.74995
-132,42,-2.75042
-130,42,-2.75074
-128,42,-2.7509
-126,42,-2.75092
-124,42,-2.75078
-122,42,-2.75048
-120,42,-2.75002
-118,42,-2.7494
-116,42,-2.74861
-114,42,-2.74764
-112,42,-2.74651
-110,42,-2.74521
-108,42,-2.74373
-106,42,-2.74208
-104,42,-2.74027
-102,42,-2.73828
-100,42,-2.73613
-98,42,-2.73382
-96,42,-2.73134
-94,42,-2.72872
-92,42,-2.72594
-90,42,-2.72303
-88,42,-2.71998
-86,42,-2.71681
-84,42,-2.71353
-82,42,-2.71014
-80,42,-2.70666
-78,42,-2.70311
-76,42,-2.69949
-74,42,-2.69582
-72,42,-2.69211
-70,42,-2.68839
-68,42,-2.68468
-66,42,-2.68097
-64,42,-2.67731
-62,42,-2.6737
-60,42,-2.67016
-58,42,-2.66671
-56,42,-2.66337
-54,42,-2.66016
-52,42,-2.6571
-50,42,-2.6542
-48,42,-2.65147
-46,42,-2.64894
-44,42,-2.64662
-42,42,-2.64451
-40,42,-2.64264
-38,42,-2.641
-36,42,-2.63961
-34,42,-2.63848
-32,42,-2.6376
-30,42,-2.63697
-28,42,-2.63661
-26,42,-2.63649
-24,42,-2.63663
-22,42,-2.63701
-20,42,-2.63762
-18,42,-2.63846
-16,42,-2.63951
-14,42,-2.64075
-12,42,-2.64218
-10,42,-2.64376
-8,42,-2.6455
-6,42,-2.64736
-4,42,-2.64932
-2,42,-2.65137
0,42,-2.65348
2,42,-2.65562
4,42,-2.65779
6,42,-2.65995
8,42,-2.66209
10,42,-2.66418
12,42,-2.6662
14,42,-2.66813
16,42,-2.66995
18,42,-2.67165
20,42,-2.67321
22,42,-2.67462
24,42,-2.67585
26,42,-2.6769
28,42,-2.67777
30,42,-2.67843
32,42,-2.6789
34,42,-2.67915
36,42,-2.67919
38,42,-2.67903
40,42,-2.67865
42,42,-2.67807
44,42,-2.67729
46,42,-2.67632
48,42,-2.67517
50,42,-2.67384
52,42,-2.67235
54,42,-2.67071
56,42,-2.66893
58,42,-2.66704
60,42,-2.66504
62,42,-2.66295
64,42,-2.66079
66,42,-2.65857
68,42,-2.65632
70,42,-2.65404
72,42,-2.65176
74,42,-2.6495
76,42,-2.64726
78,42,-2.64507
80,42,-2.64294
82,42,-2.64089
84,42,-2.63892
86,42,-2.63707
88,42,-2.63532
90,42,-2.63371
92,42,-2.63224
94,42,-2.63091
96,42,-2.62975
98,42,-2.62874
100,42,-2.62792
102,42,-2.62727
104,42,-2.6268
106,42,-2.62652
108,42,-2.62644
110,42,-2.62654
112,42,-2.62684
114,42,-2.62732
116,42,-2.628
118,42,-2.62887
120,42,-2.62992
122,42,-2.63115
124,42,-2.63255
126,42,-2.63413
128,42,-2.63587
130,42,-2.63776
132,42,-2.6398
134,42,-2.64198
136,42,-2.64429
138,42,-2.64671
140,42,-2.64925
142,42,-2.65189
144,42,-2.65462
146,42,-2.65743
148,42,-2.66031
150,42,-2.66324
152,42,-2.66623
154,42,-2.66925
156,42,-2.67231
158,42,-2.67538
160,42,-2.67847
162,42,-2.68156
164,42,-2.68464
166,42,-2.68771
168,42,-2.69076
170,42,-2.69379
172,42,-2.69678
174,42,-2.69973
176,42,-2.70264
178,42,-2.7055
180,42,-2.70831
-180,44,-2.29345
-178,44,-2.29617
-176,44,-2.29884
-174,44,-2.30145
-172,44,-2.30399
-170,44,-2.30647
-168,44,-2.30888
-166,44,-2.31122
-164,44,-2.31348
-162,44,-2.31566
-160,44,-2.31775
-158,44,-2.31976
-156,44,-2.32168
-154,44,-2.32351
-152,44,-2.32523
-150,44,-2.32685
-148,44,-2.32837
-146,44,-2.32977
-144,44,-2.33106
-142,44,-2.33222
-140,44,-2.33326
-138,44,-2.33417
-136,44,-2.33495
-134,44,-2.33558
-132,44,-2.33607
-130,44,-2.33641
-128,44,-2.3366
-126,44,-2.33663
-124,44,-2.3365
-122,44,-2.33621
-120,44,-2.33575
-118,44,-2.33512
-116,44,-2.33432
-114,44,-2.33334
-112,44,-2.33219
-110,44,-2.33086
-108,44,-2.32936
-106,44,-2.32768
-104,44,-2.32583
-102,44,-2.32381
-100,44,-2.32162
-98,44,-2.31926
-96,44,-2.31675
-94,44,-2.31408
-92,44,-2.31126
-90,44,-2.3083
-88,44,-2.3052
-86,44,-2.30199
-84,44,-2.29866
-82,44,-2.29522
-80,44,-2.2917
-78,44,-2.2881
-76,44,-2.28444
-74,44,-2.28073
-72,44,-2.27699
-70,44,-2.27324
-68,44,-2.26949
-66,44,-2.26576
-64,44,-2.26207
-62,44,-2.25843
-60,44,-2.25487
-58,44,-2.25141
-56,44,-2.24807
-54,44,-2.24485
-52,44,-2.24179
-50,44,-2.23889
-48,44,-2.23618
-46,44,-2.23367
-44,44,-2.23137
-42,44,-2.22929
-40,44,-2.22746
-38,44,-2.22587
-36,44,-2.22454
-34,44,-2.22347
-32,44,-2.22266
-30,44,-2.22212
-28,44,-2.22184
-26,44,-2.22183
-24,44,-2.22208
-22,44,-2.22257
-20,44,-2.22332
-18,44,-2.22429
-16,44,-2.22548
-14,44,-2.22688
-12,44,-2.22847
-10,44,-2.23023
-8,44,-2.23214
-6,44,-2.23418
-4,44,-2.23633
-2,44,-2.23858
0,44,-2.24088
2,44,-2.24324
4,44,-2.24561
6,44,-2.24797
8,44,-2.25032
10,44,-2.25261
12,44,-2.25483
14,44,-2.25696
16,44,-2.25898
18,44,-2.26087
20,44,-2.26261
22,44,-2.26419
24,44,-2.26559
26,44,-2.2668
28,44,-2.2678
30,44,-2.2686
32,44,-2.26918
34,44,-2.26954
36,44,-2.26967
38,44,-2.26958
40,44,-2.26926
42,44,-2.26873
44,44,-2.26798
46,44,-2.26702
48,44,-2.26587
50,44,-2.26453
52,44,-2.26301
54,44,-2.26133
56,44,-2.2595
58,44,-2.25754
60,44,-2.25547
62,44,-2.25329
64,44,-2.25104
66,44,-2.24872
68,44,-2.24636
70,44,-2.24397
72,44,-2.24158
74,44,-2.23919
76,44,-2.23683
78,44,-2.23452
80,44,-2.23227
82,44,-2.23009
84,44,-2.22801
86,44,-2.22603
88,44,-2.22417
90,44,-2.22245
92,44,-2.22086
94,44,-2.21943
96,44,-2.21816
98,44,-2.21705
100,44,-2.21613
102,44,-2.21539
104,44,-2.21483
106,44,-2.21446
108,44,-2.21429
110,44,-2.21431
112,44,-2.21452
114,44,-2.21493
116,44,-2.21553
118,44,-2.21631
120,44,-2.21729
122,44,-2.21844
124,44,-2.21977
126,44,-2.22126
128,44,-2.22292
130,44,-2.22473
132,44,-2.22669
134,44,-2.22879
136,44,-2.23101
138,44,-2.23336
140,44,-2.23581
142,44,-2.23836
144,44,-2.24101
146,44,-2.24373
148,44,-2.24652
150,44,-2.24937
152,44,-2.25227
154,44,-2.25521
156,44,-2.25818
158,44,-2.26117
160,44,-2.26418
162,44,-2.26719
164,44,-2.2702
166,44,-2.2732
168,44,-2.27619
170,44,-2.27915
172,44,-2.28209
174,44,-2.28499
176,44,-2.28786
178,44,-2.29068
180,44,-2.29345
-180,46,-1.90083
-178,46,-1.90352
-176,46,-1.90617
-174,46,-1.90876
-172,46,-1.9113
-170,46,-1.91378
-168,46,-1.91619
-166,46,-1.91853
-164,46,-1.92081
-162,46,-1.92301
-160,46,-1.92513
-158,46,-1.92716
-156,46,-1.92911
-154,46,-1.93097
-152,46,-1.93273
-150,46,-1.93438
-148,46,-1.93594
-146,46,-1.93737
-144,46,-1.9387
-142,46,-1.9399
-140,46,-1.94097
-138,46,-1.94191
-136,46,-1.94271
-134,46,-1.94337
-132,46,-1.94388
-130,46,-1.94424
-128,46,-1.94444
-126,46,-1.94448
-124,46,-1.94435
-122,46,-1.94405
-120,46,-1.94359
-118,46,-1.94294
-116,46,-1.94213
-114,46,-1.94113
-112,46,-1.93995
-110,46,-1.9386
-108,46,-1.93706
-106,46,-1.93535
-104,46,-1.93346
-102,46,-1.93139
-100,46,-1.92916
-98,46,-1.92676
-96,46,-1.9242
-94,46,-1.92148
-92,46,-1.91861
-90,46,-1.91561
-88,46,-1.91247
-86,46,-1.9092
-84,46,-1.90583
-82,46,-1.90235
-80,46,-1.89879
-78,46,-1.89515
-76,46,-1.89146
-74,46,-1.88772
-72,46,-1.88395
-70,46,-1.88016
-68,46,-1.87639
-66,46,-1.87264
-64,46,-1.86893
-62,46,-1.86528
-60,46,-1.86172
-58,46,-1.85825
-56,46,-1.8549
-54,46,-1.85169
-52,46,-1.84864
-50,46,-1.84576
-48,46,-1.84307
-46,46,-1.84058
-44,46,-1.83832
-42,46,-1.83628
-40,46,-1.8345
-38,46,-1.83296
-36,46,-1.83169
-34,46,-1.83069
-32,46,-1.82996
-30,46,-1.82951
-28,46,-1.82932
-26,46,-1.82941
-24,46,-1.82977
-22,46,-1.83039
-20,46,-1.83126
-18,46,-1.83237
-16,46,-1.83371
-14,46,-1.83526
-12,46,-1.83701
-10,46,-1.83894
-8,46,-1.84102
-6,46,-1.84324
-4,46,-1.84558
-2,46,-1.84802
0,46,-1.85052
2,46,-1.85307
4,46,-1.85565
6,46,-1.85822
8,46,-1.86076
10,46,-1.86326
12,46,-1.86568
14,46,-1.86801
16,46,-1.87022
18,46,-1.8723
20,46,-1.87422
22,46,-1.87597
24,46,-1.87754
26,46,-1.8789
28,46,-1.88005
30,46,-1.88098
32,46,-1.88168
34,46,-1.88214
36,46,-1.88237
38,46,-1.88235
40,46,-1.8821
42,46,-1.88161
44,46,-1.88089
46,46,-1.87995
48,46,-1.8788
50,46,-1.87744
52,46,-1.8759
54,46,-1.87418
56,46,-1.8723
58,46,-1.87027
60,46,-1.86812
62,46,-1.86586
64,46,-1.86352
66,46,-1.8611
68,46,-1.85863
70,46,-1.85613
72,46,-1.85362
74,46,-1.85111
76,46,-1.84863
78,46,-1.8462
80,46,-1.84382
82,46,-1.84153
84,46,-1.83932
86,46,-1.83722
88,46,-1.83525
90,46,-1.83341
92,46,-1.83171
94,46,-1.83017
96,46,-1.8288
98,46,-1.82759
100,46,-1.82657
102,46,-1.82573
104,46,-1.82509
106,46,-1.82463
108,46,-1.82437
110,46,-1.82431
112,46,-1.82444
114,46,-1.82477
116,46,-1.82529
118,46,-1.826
120,46,-1.8269
122,46,-1.82797
124,46,-1.82922
126,46,-1.83064
128,46,-1.83222
130,46,-1.83395
132,46,-1.83583
134,46,-1.83784
136,46,-1.83999
138,46,-1.84224
140,46,-1.84461
142,46,-1.84708
144,46,-1.84963
146,46,-1.85226
148,46,-1.85497
150,46,-1.85773
152,46,-1.86054
154,46,-1.8634
156,46,-1.86628
158,46,-1.86919
160,46,-1.87212
162,46,-1.87506
164,46,-1.87799
166,46,-1.88092
168,46,-1.88385
170,46,-1.88675
172,46,-1.88963
174,46,-1.89248
176,46,-1.8953
178,46,-1.89808
180,46,-1.90083
-180,48,-1.52939
-178,48,-1.53206
-176,48,-1.53469
-174,48,-1.53727
-172,48,-1.5398
-170,48,-1.54227
-168,48,-1.54469
-166,48,-1.54704
-164,48,-1.54932
-162,48,-1.55154
-160,48,-1.55368
-158,48,-1.55574
-156,48,-1.55771
-154,48,-1.5596
-152,48,-1.56139
-150,48,-1.56308
-148,48,-1.56466
-146,48,-1.56613
-144,48,-1.56748
-142,48,-1.56871
-140,48,-1.56981
-138,48,-1.57077
-136,48,-1.57159
-134,48,-1.57227
-132,48,-1.57279
-130,48,-1.57316
-128,48,-1.57336
-126,48,-1.5734
-124,48,-1.57327
-122,48,-1.57297
-120,48,-1.57249
-118,48,-1.57182
-116,48,-1.57098
-114,48,-1.56996
-112,48,-1.56875
-110,48,-1.56736
-108,48,-1.56578
-106,48,-1.56403
-104,48,-1.5621
-102,48,-1.55999
-100,48,-1.55771
-98,48,-1.55526
-96,48,-1.55265
-94,48,-1.54988
-92,48,-1.54697
-90,48,-1.54391
-88,48,-1.54073
-86,48,-1.53742
-84,48,-1.534
-82,48,-1.53049
-80,48,-1.52689
-78,48,-1.52322
-76,48,-1.51949
-74,48,-1.51572
-72,48,-1.51193
-70,48,-1.50813
-68,48,-1.50434
-66,48,-1.50058
-64,48,-1.49686
-62,48,-1.49321
-60,48,-1.48964
-58,48,-1.48618
-56,48,-1.48285
-54,48,-1.47965
-52,48,-1.47662
-50,48,-1.47376
-48,48,-1.4711
-46,48,-1.46865
-44,48,-1.46643
-42,48,-1.46445
-40,48,-1.46272
-38,48,-1.46124
-36,48,-1.46004
-34,48,-1.45911
-32,48,-1.45847
-30,48,-1.4581
-28,48,-1.45802
-26,48,-1.45821
-24,48,-1.45868
-22,48,-1.45942
-20,48,-1.46042
-18,48,-1.46167
-16,48,-1.46315
-14,48,-1.46485
-12,48,-1.46676
-10,48,-1.46885
-8,48,-1.47111
-6,48,-1.47351
-4,48,-1.47603
-2,48,-1.47865
0,48,-1.48135
2,48,-1.4841
4,48,-1.48687
6,48,-1.48964
8,48,-1.49238
10,48,-1.49508
12,48,-1.4977
14,48,-1.50022
16,48,-1.50262
18,48,-1.50489
20,48,-1.50699
22,48,-1.50891
24,48,-1.51064
26,48,-1.51216
28,48,-1.51345
30,48,-1.51451
32,48,-1.51533
34,48,-1.5159
36,48,-1.51621
38,48,-1.51628
40,48,-1.51609
42,48,-1.51564
44,48,-1.51496
46,48,-1.51404
48,48,-1.51289
50,48,-1.51152
52,48,-1.50995
54,48,-1.50819
56,48,-1.50625
58,48,-1.50417
60,48,-1.50194
62,48,-1.4996
64,48,-1.49716
66,48,-1.49464
68,48,-1.49206
70,48,-1.48945
72,48,-1.48682
74,48,-1.4842
76,48,-1.4816
78,48,-1.47904
80,48,-1.47654
82,48,-1.47412
84,48,-1.4718
86,48,-1.46958
88,48,-1.46749
90,48,-1.46554
92,48,-1.46373
94,48,-1.46209
96,48,-1.46061
98,48,-1.45931
100,48,-1.45819
102,48,-1.45726
104,48,-1.45652
106,48,-1.45598
108,48,-1.45564
110,48,-1.45549
112,48,-1.45555
114,48,-1.4558
116,48,-1.45624
118,48,-1.45687
120,48,-1.45769
122,48,-1.45869
124,48,-1.45986
126,48,-1.4612
128,48,-1.4627
130,48,-1.46435
132,48,-1.46615
134,48,-1.46808
136,48,-1.47014
138,48,-1.47231
140,48,-1.47459
142,48,-1.47697
144,48,-1.47943
146,48,-1.48198
148,48,-1.48459
150,48,-1.48727
152,48,-1.48999
154,48,-1.49276
156,48,-1.49556
158,48,-1.49839
160,48,-1.50124
162,48,-1.5041
164,48,-1.50696
166,48,-1.50983
168,48,-1.51268
170,48,-1.51553
172,48,-1.51835
174,48,-1.52116
176,48,-1.52393
178,48,-1.52668
180,48,-1.52939
-180,50,-1.17828
-178,50,-1.18093
-176,50,-1.18353
-174,50,-1.1861
-172,50,-1.18862
-170,50,-1.19109
-168,50,-1.19351
-166,50,-1.19587
-164,50,-1.19817
-162,50,-1.2004
-160,50,-1.20255
-158,50,-1.20463
-156,50,-1.20663
-154,50,-1.20854
-152,50,-1.21035
-150,50,-1.21206
-148,50,-1.21367
-146,50,-1.21517
-144,50,-1.21654
-142,50,-1.21779
-140,50,-1.21891
-138,50,-1.21989
-136,50,-1.22073
-134,50,-1.22141
-132,50,-1.22194
-130,50,-1.22231
-128,50,-1.22252
-126,50,-1.22255
-124,50,-1.22241
-122,50,-1.22208
-120,50,-1.22158
-118,50,-1.2209
-116,50,-1.22002
-114,50,-1.21897
-112,50,-1.21772
-110,50,-1.21629
-108,50,-1.21467
-106,50,-1.21287
-104,50,-1.21089
-102,50,-1.20873
-100,50,-1.2064
-98,50,-1.2039
-96,50,-1.20124
-94,50,-1.19842
-92,50,-1.19546
-90,50,-1.19236
-88,50,-1.18913
-86,50,-1.18578
-84,50,-1.18233
-82,50,-1.17878
-80,50,-1.17514
-78,50,-1.17145
-76,50,-1.16769
-74,50,-1.1639
-72,50,-1.16009
-70,50,-1.15628
-68,50,-1.15248
-66,50,-1.14872
-64,50,-1.145
-62,50,-1.14136
-60,50,-1.1378
-58,50,-1.13436
-56,50,-1.13104
-54,50,-1.12787
-52,50,-1.12487
-50,50,-1.12205
-48,50,-1.11943
-46,50,-1.11702
-44,50,-1.11485
-42,50,-1.11293
-40,50,-1.11126
-38,50,-1.10985
-36,50,-1.10873
-34,50,-1.10788
-32,50,-1.10732
-30,50,-1.10705
-28,50,-1.10707
-26,50,-1.10737
-24,50,-1.10796
-22,50,-1.10882
-20,50,-1.10994
-18,50,-1.11133
-16,50,-1.11295
-14,50,-1.1148
-12,50,-1.11686
-10,50,-1.11912
-8,50,-1.12154
-6,50,-1.12411
-4,50,-1.12681
-2,50,-1.12962
0,50,-1.1325
2,50,-1.13543
4,50,-1.1384
6,50,-1.14136
8,50,-1.1443
10,50,-1.14719
12,50,-1.15
14,50,-1.15271
16,50,-1.1553
18,50,-1.15775
20,50,-1.16003
22,50,-1.16212
24,50,-1.164
26,50,-1.16567
28,50,-1.16711
30,50,-1.1683
32,50,-1.16923
34,50,-1.16991
36,50,-1.17032
38,50,-1.17046
40,50,-1.17033
42,50,-1.16994
44,50,-1.16928
46,50,-1.16838
48,50,-1.16723
50,50,-1.16585
52,50,-1.16426
54,50,-1.16246
56,50,-1.16048
58,50,-1.15833
60,50,-1.15603
62,50,-1.1536
64,50,-1.15107
66,50,-1.14845
68,50,-1.14577
70,50,-1.14305
72,50,-1.14031
74,50,-1.13757
76,50,-1.13485
78,50,-1.13217
80,50,-1.12955
82,50,-1.12701
84,50,-1.12457
86,50,-1.12223
88,50,-1.12003
90,50,-1.11796
92,50,-1.11605
94,50,-1.1143
96,50,-1.11272
98,50,-1.11132
100,50,-1.1101
102,50,-1.10908
104,50,-1.10826
106,50,-1.10763
108,50,-1.1072
110,50,-1.10698
112,50,-1.10695
114,50,-1.10712
116,50,-1.10749
118,50,-1.10804
120,50,-1.10878
122,50,-1.1097
124,50,-1.1108
126,50,-1.11206
128,50,-1.11348
130,50,-1.11505
132,50,-1.11676
134,50,-1.11861
136,50,-1.12058
138,50,-1.12267
140,50,-1.12487
142,50,-1.12716
144,50,-1.12954
146,50,-1.13199
148,50,-1.13452
150,50,-1.13711
152,50,-1.13974
154,50,-1.14243
156,50,-1.14515
158,50,-1.1479
160,50,-1.15067
162,50,-1.15345
164,50,-1.15625
166,50,-1.15904
168,50,-1.16184
170,50,-1.16463
172,50,-1.1674
174,50,-1.17016
176,50,-1.17289
178,50,-1.1756
180,50,-1.17828
-180,52,-0.846787
-178,52,-0.84941
-176,52,-0.852001
-174,52,-0.854555
-172,52,-0.857068
-170,52,-0.859536
-168,52,-0.861955
-166,52,-0.864319
-164,52,-0.866624
-162,52,-0.868864
-160,52,-0.871035
-158,52,-0.873131
-156,52,-0.875146
-154,52,-0.877073
-152,52,-0.878906
-150,52,-0.88064
-148,52,-0.882266
-146,52,-0.883779
-144,52,-0.885172
-142,52,-0.886437
-140,52,-0.887568
-138,52,-0.888558
-136,52,-0.889401
-134,52,-0.89009
-132,52,-0.89062
-130,52,-0.890984
-128,52,-0.891178
-126,52,-0.891197
-124,52,-0.891037
-122,52,-0.890694
-120,52,-0.890164
-118,52,-0.889447
-116,52,-0.888541
-114,52,-0.887444
-112,52,-0.886156
-110,52,-0.884679
-108,52,-0.883014
-106,52,-0.881163
-104,52,-0.879131
-102,52,-0.87692
-100,52,-0.874535
-98,52,-0.871983
-96,52,-0.86927
-94,52,-0.866404
-92,52,-0.863393
-90,52,-0.860245
-88,52,-0.856972
-86,52,-0.853583
-84,52,-0.850091
-82,52,-0.846508
-80,52,-0.842848
-78,52,-0.839125
-76,52,-0.835353
-74,52,-0.831549
-72,52,-0.82773
-70,52,-0.823911
-68,52,-0.820113
-66,52,-0.816351
-64,52,-0.812647
-62,52,-0.809017
-60,52,-0.805483
-58,52,-0.802063
-56,52,-0.798776
-54,52,-0.795642
-52,52,-0.792678
-50,52,-0.789903
-48,52,-0.787333
-46,52,-0.784986
-44,52,-0.782874
-42,52,-0.781013
-40,52,-0.779414
-38,52,-0.778087
-36,52,-0.777041
-34,52,-0.776282
-32,52,-0.775815
-30,52,-0.775642
-28,52,-0.775763
-26,52,-0.776177
-24,52,-0.776878
-22,52,-0.77786
-20,52,-0.779115
-18,52,-0.780631
-16,52,-0.782394
-14,52,-0.784391
-12,52,-0.786604
-10,52,-0.789014
-8,52,-0.7916
-6,52,-0.794341
-4,52,-0.797213
-2,52,-0.800192
0,52,-0.803253
2,52,-0.80637
4,52,-0.809516
6,52,-0.812665
8,52,-0.81579
10,52,-0.818865
12,52,-0.821863
14,52,-0.824759
16,52,-0.827529
18,52,-0.830149
20,52,-0.832597
22,52,-0.834852
24,52,-0.836897
26,52,-0.838712
28,52,-0.840285
30,52,-0.841603
32,52,-0.842654
34,52,-0.843432
36,52,-0.843931
38,52,-0.844148
40,52,-0.844083
42,52,-0.843739
44,52,-0.843121
46,52,-0.842236
48,52,-0.841093
50,52,-0.839706
52,52,-0.838087
54,52,-0.836253
56,52,-0.834222
58,52,-0.832012
60,52,-0.829643
62,52,-0.827138
64,52,-0.824517
66,52,-0.821804
68,52,-0.819021
70,52,-0.81619
72,52,-0.813336
74,52,-0.810479
76,52,-0.807641
78,52,-0.804844
80,52,-0.802107
82,52,-0.799449
84,52,-0.796889
86,52,-0.794441
88,52,-0.792123
90,52,-0.789947
92,52,-0.787926
94,52,-0.78607
96,52,-0.78439
98,52,-0.782893
100,52,-0.781586
102,52,-0.780474
104,52,-0.779561
106,52,-0.778848
108,52,-0.778338
110,52,-0.77803
112,52,-0.777923
114,52,-0.778014
116,52,-0.778301
118,52,-0.778778
120,52,-0.779441
122,52,-0.780284
124,52,-0.781299
126,52,-0.782481
128,52,-0.783821
130,52,-0.785311
132,52,-0.786942
134,52,-0.788706
136,52,-0.790594
138,52,-0.792596
140,52,-0.794704
142,52,-0.796908
144,52,-0.7992
146,52,-0.80157
148,52,-0.80401
150,52,-0.806512
152,52,-0.809068
154,52,-0.811669
156,52,-0.814309
158,52,-0.81698
160,52,-0.819677
162,52,-0.822391
164,52,-0.825119
166,52,-0.827853
168,52,-0.83059
170,52,-0.833323
172,52,-0.836049
174,52,-0.838762
176,52,-0.841459
178,52,-0.844135
180,52,-0.846787
-180,54,-0.534317
-178,54,-0.53692
-176,54,-0.539496
-174,54,-0.542039
-172,54,-0.544545
-170,54,-0.54701
-168,54,-0.549429
-166,54,-0.551796
-164,54,-0.554108
-162,54,-0.556357
-160,54,-0.558539
-158,54,-0.560647
-156,54,-0.562675
-154,54,-0.564616
-152,54,-0.566464
-150,54,-0.568211
-148,54,-0.569851
-146,54,-0.571375
-144,54,-0.572778
-142,54,-0.574051
-140,54,-0.575188
-138,54,-0.576181
-136,54,-0.577024
-134,54,-0.577709
-132,54,-0.578231
-130,54,-0.578584
-128,54,-0.578763
-126,54,-0.578762
-124,54,-0.578577
-122,54,-0.578205
-120,54,-0.577644
-118,54,-0.57689
-116,54,-0.575943
-114,54,-0.574802
-112,54,-0.573468
-110,54,-0.571942
-108,54,-0.570225
-106,54,-0.568321
-104,54,-0.566234
-102,54,-0.563968
-100,54,-0.561529
-98,54,-0.558923
-96,54,-0.556158
-94,54,-0.553241
-92,54,-0.550181
-90,54,-0.546987
-88,54,-0.543672
-86,54,-0.540245
-84,54,-0.536719
-82,54,-0.533106
-80,54,-0.529422
-78,54,-0.525679
-76,54,-0.521893
-74,54,-0.51808
-72,54,-0.514257
-70,54,-0.510441
-68,54,-0.50665
-66,54,-0.502901
-64,54,-0.499215
-62,54,-0.49561
-60,54,-0.492105
-58,54,-0.488719
-56,54,-0.485471
-54,54,-0.482381
-52,54,-0.479467
-50,54,-0.476746
-48,54,-0.474235
-46,54,-0.471951
-44,54,-0.469909
-42,54,-0.468121
-40,54,-0.466599
-38,54,-0.465355
-36,54,-0.464396
-34,54,-0.46373
-32,54,-0.46336
-30,54,-0.463289
-28,54,-0.463517
-26,54,-0.464042
-24,54,-0.46486
-22,54,-0.465965
-20,54,-0.467346
-18,54,-0.468994
-16,54,-0.470895
-14,54,-0.473034
-12,54,-0.475393
-10,54,-0.477954
-8,54,-0.480696
-6,54,-0.483597
-4,54,-0.486633
-2,54,-0.48978
0,54,-0.493012
2,54,-0.496302
4,54,-0.499624
6,54,-0.502949
8,54,-0.506252
10,54,-0.509504
12,54,-0.512679
14,54,-0.51575
16,54,-0.518691
18,54,-0.521479
20,54,-0.52409
22,54,-0.526503
24,54,-0.528697
26,54,-0.530655
28,54,-0.532361
30,54,-0.533801
32,54,-0.534965
34,54,-0.535844
36,54,-0.536431
38,54,-0.536723
40,54,-0.53672
42,54,-0.536425
44,54,-0.535841
46,54,-0.534976
48,54,-0.53384
50,54,-0.532446
52,54,-0.530807
54,54,-0.52894
56,54,-0.526864
58,54,-0.524597
60,54,-0.522162
62,54,-0.51958
64,54,-0.516875
66,54,-0.51407
68,54,-0.511188
70,54,-0.508254
72,54,-0.505291
74,54,-0.502323
76,54,-0.499372
78,54,-0.49646
80,54,-0.493607
82,54,-0.490834
84,54,-0.48816
86,54,-0.4856
88,54,-0.483171
90,54,-0.480887
92,54,-0.478761
94,54,-0.476803
96,54,-0.475024
98,54,-0.473431
100,54,-0.47203
102,54,-0.470827
104,54,-0.469826
106,54,-0.469028
108,54,-0.468434
110,54,-0.468044
112,54,-0.467856
114,54,-0.467867
116,54,-0.468074
118,54,-0.468472
120,54,-0.469056
122,54,-0.46982
124,54,-0.470756
126,54,-0.471857
128,54,-0.473115
130,54,-0.474523
132,54,-0.476071
134,54,-0.477751
136,54,-0.479554
138,54,-0.481471
140,54,-0.483493
142,54,-0.485612
144,54,-0.487818
146,54,-0.490104
148,54,-0.492461
150,54,-0.49488
152,54,-0.497355
154,54,-0.499878
156,54,-0.502442
158,54,-0.50504
160,54,-0.507667
162,54,-0.510315
164,54,-0.512981
166,54,-0.515657
168,54,-0.51834
170,54,-0.521025
172,54,-0.523706
174,54,-0.52638
176,54,-0.529043
178,54,-0.53169
180,54,-0.534317
-180,56,-0.24038
-178,56,-0.242967
-176,56,-0.24553
-174,56,-0.248064
-172,56,-0.250564
-170,56,-0.253027
-168,56,-0.255446
-166,56,-0.257816
-164,56,-0.260132
-162,56,-0.262388
-160,56,-0.264577
-158,56,-0.266693
-156,56,-0.26873
-154,56,-0.27068
-152,56,-0.272536
-150,56,-0.274292
-148,56,-0.275938
-146,56,-0.277468
-144,56,-0.278874
-142,56,-0.280148
-140,56,-0.281284
-138,56,-0.282273
-136,56,-0.283108
-134,56,-0.283783
-132,56,-0.28429
-130,56,-0.284625
-128,56,-0.284782
-126,56,-0.284755
-124,56,-0.28454
-122,56,-0.284135
-120,56,-0.283535
-118,56,-0.28274
-116,56,-0.281749
-114,56,-0.28056
-112,56,-0.279176
-110,56,-0.277597
-108,56,-0.275825
-106,56,-0.273866
-104,56,-0.271722
-102,56,-0.2694
-100,56,-0.266904
-98,56,-0.264243
-96,56,-0.261425
-94,56,-0.258456
-92,56,-0.255348
-90,56,-0.252111
-88,56,-0.248754
-86,56,-0.245291
-84,56,-0.241734
-82,56,-0.238095
-80,56,-0.234389
-78,56,-0.230631
-76,56,-0.226836
-74,56,-0.22302
-72,56,-0.2192
-70,56,-0.215392
-68,56,-0.211615
-66,56,-0.207888
-64,56,-0.204228
-62,56,-0.200655
-60,56,-0.197187
-58,56,-0.193844
-56,56,-0.190645
-54,56,-0.187608
-52,56,-0.184752
-50,56,-0.182094
-48,56,-0.179651
-46,56,-0.177439
-44,56,-0.175473
-42,56,-0.173765
-40,56,-0.172329
-38,56,-0.171174
-36,56,-0.170308
-34,56,-0.169739
-32,56,-0.16947
-30,56,-0.169505
-28,56,-0.169843
-26,56,-0.170481
-24,56,-0.171417
-22,56,-0.172643
-20,56,-0.17415
-18,56,-0.175928
-16,56,-0.177962
-14,56,-0.180239
-12,56,-0.182739
-10,56,-0.185446
-8,56,-0.188337
-6,56,-0.19139
-4,56,-0.194582
-2,56,-0.197887
0,56,-0.20128
2,56,-0.204734
4,56,-0.208221
6,56,-0.211713
8,56,-0.215183
10,56,-0.218602
12,56,-0.221943
14,56,-0.225178
16,56,-0.228281
18,56,-0.231228
20,56,-0.233993
22,56,-0.236554
24,56,-0.238891
26,56,-0.240984
28,56,-0.242816
30,56,-0.244374
32,56,-0.245646
34,56,-0.246621
36,56,-0.247293
38,56,-0.247659
40,56,-0.247717
42,56,-0.247469
44,56,-0.246919
46,56,-0.246076
48,56,-0.244948
50,56,-0.243549
52,56,-0.241892
54,56,-0.239996
56,56,-0.237879
58,56,-0.23556
60,56,-0.233063
62,56,-0.23041
64,56,-0.227625
66,56,-0.224733
68,56,-0.221758
70,56,-0.218725
72,56,-0.21566
74,56,-0.212585
76,56,-0.209525
78,56,-0.206503
80,56,-0.20354
82,56,-0.200656
84,56,-0.197871
86,56,-0.195202
88,56,-0.192666
90,56,-0.190277
92,56,-0.188048
94,56,-0.185989
96,56,-0.184112
98,56,-0.182424
100,56,-0.180931
102,56,-0.179637
104,56,-0.178548
106,56,-0.177663
108,56,-0.176985
110,56,-0.176512
112,56,-0.176241
114,56,-0.176172
116,56,-0.176298
118,56,-0.176616
120,56,-0.177119
122,56,-0.177801
124,56,-0.178656
126,56,-0.179675
128,56,-0.180852
130,56,-0.182176
132,56,-0.183641
134,56,-0.185237
136,56,-0.186956
138,56,-0.188788
140,56,-0.190726
142,56,-0.192761
144,56,-0.194884
146,56,-0.197088
148,56,-0.199364
150,56,-0.201705
152,56,-0.204103
154,56,-0.206552
156,56,-0.209045
158,56,-0.211575
160,56,-0.214137
162,56,-0.216726
164,56,-0.219335
166,56,-0.221959
168,56,-0.224594
170,56,-0.227236
172,56,-0.229878
174,56,-0.232519
176,56,-0.235152
178,56,-0.237774
180,56,-0.24038
-180,58,0.0354306
-178,58,0.0328565
-176,58,0.0303033
-174,58,0.0277759
-172,58,0.0252792
-170,58,0.0228184
-168,58,0.0203991
-166,58,0.0180269
-164,58,0.0157079
-162,58,0.0134482
-160,58,0.0112545
-158,58,0.00913361
-156,58,0.00709251
-154,58,0.00513855
-152,58,0.00327925
-150,58,0.00152229
-148,58,-0.000124514
-146,58,-0.00165325
-144,58,-0.00305598
-142,58,-0.00432482
-140,58,-0.00545196
-138,58,-0.00642979
-136,58,-0.00725093
-134,58,-0.00790836
-132,58,-0.00839544
-130,58,-0.00870603
-128,58,-0.00883457
-126,58,-0.00877614
-124,58,-0.00852653
-122,58,-0.0080823
-120,58,-0.00744087
-118,58,-0.0066005
-116,58,-0.00556041
-114,58,-0.00432073
-112,58,-0.00288257
-110,58,-0.001248
-108,58,0.000579941
-106,58,0.00259726
-104,58,0.00479902
-102,58,0.00717936
-100,58,0.00973154
-98,58,0.0124479
-96,58,0.0153201
-94,58,0.0183389
-92,58,0.0214941
-90,58,0.024775
-88,58,0.0281702
-86,58,0.0316673
-84,58,0.0352535
-82,58,0.0389151
-80,58,0.0426379
-78,58,0.0464069
-76,58,0.0502066
-74,58,0.0540209
-72,58,0.0578329
-70,58,0.0616255
-68,58,0.065381
-66,58,0.069081
-64,58,0.0727072
-62,58,0.0762409
-60,58,0.0796631
-58,58,0.0829551
-56,58,0.086098
-54,58,0.0890734
-52,58,0.0918633
-50,58,0.0944503
-48,58,0.0968178
-46,58,0.0989501
-44,58,0.100833
-42,58,0.102452
-40,58,0.103797
-38,58,0.104857
-36,58,0.105624
-34,58,0.106091
-32,58,0.106255
-30,58,0.106112
-28,58,0.105663
-26,58,0.104909
-24,58,0.103856
-22,58,0.102509
-20,58,0.100878
-18,58,0.0989741
-16,58,0.0968098
-14,58,0.0944007
-12,58,0.0917642
-10,58,0.0889195
-8,58,0.0858872
-6,58,0.0826901
-4,58,0.0793519
-2,58,0.0758979
0,58,0.0723544
2,58,0.0687483
4,58,0.0651077
6,58,0.0614608
8,58,0.0578361
10,58,0.0542622
12,58,0.0507674
14,58,0.0473795
16,58,0.0441257
18,58,0.0410321
20,58,0.0381236
22,58,0.0354237
24,58,0.0329541
26,58,0.0307346
28,58,0.0287829
30,58,0.0271142
32,58,0.0257414
34,58,0.0246746
36,58,0.0239211
38,58,0.0234854
40,58,0.0233689
42,58,0.0235703
44,58,0.0240853
46,58,0.0249066
48,58,0.0260243
50,58,0.0274258
52,58,0.0290961
54,58,0.0310179
56,58,0.033172
58,58,0.0355371
60,58,0.0380907
62,58,0.040809
64,58,0.0436673
66,58,0.0466401
68,58,0.0497018
70,58,0.0528264
72,58,0.0559885
74,58,0.0591629
76,58,0.0623251
78,58,0.0654518
80,58,0.0685204
82,58,0.0715098
84,58,0.0744004
86,58,0.0771739
88,58,0.0798138
90,58,0.0823051
92,58,0.0846347
94,58,0.0867911
96,58,0.0887646
98,58,0.0905472
100,58,0.0921326
102,58,0.0935159
104,58,0.0946941
106,58,0.0956653
108,58,0.0964294
110,58,0.0969872
112,58,0.0973409
114,58,0.0974938
116,58,0.0974501
118,58,0.0972149
120,58,0.0967942
122,58,0.0961943
124,58,0.0954226
126,58,0.0944865
128,58,0.0933939
130,58,0.0921532
132,58,0.0907725
134,58,0.0892605
136,58,0.0876257
138,58,0.0858764
140,58,0.0840212
142,58,0.0820681
144,58,0.0800253
146,58,0.0779005
148,58,0.0757013
150,58,0.0734349
152,58,0.0711083
154,58,0.068728
156,58,0.0663004
158,58,0.0638316
160,58,0.0613272
162,58,0.0587928
164,58,0.0562335
166,58,0.0536544
168,58,0.0510601
170,58,0.0484553
172,58,0.0458446
174,58,0.0432324
176,58,0.040623
178,58,0.038021
180,58,0.0354306
-180,60,0.293454
-178,60,0.290888
-176,60,0.288341
-174,60,0.285817
-172,60,0.283322
-170,60,0.280862
-168,60,0.278442
-166,60,0.276068
-164,60,0.273748
-162,60,0.271486
-160,60,0.269291
-158,60,0.267169
-156,60,0.265128
-154,60,0.263175
-152,60,0.261318
-150,60,0.259565
-148,60,0.257923
-146,60,0.256402
-144,60,0.255009
-142,60,0.253753
-140,60,0.25264
-138,60,0.25168
-136,60,0.250879
-134,60,0.250245
-132,60,0.249785
-130,60,0.249504
-128,60,0.249409
-126,60,0.249504
-124,60,0.249793
-122,60,0.25028
-120,60,0.250968
-118,60,0.251857
-116,60,0.252948
-114,60,0.254242
-112,60,0.255736
-110,60,0.257428
-108,60,0.259314
-106,60,0.261391
-104,60,0.263651
-102,60,0.26609
-100,60,0.268699
-98,60,0.271471
-96,60,0.274396
-94,60,0.277464
-92,60,0.280666
-90,60,0.283988
-88,60,0.28742
-86,60,0.290949
-84,60,0.294561
-82,60,0.298242
-80,60,0.301978
-78,60,0.305754
-76,60,0.309554
-74,60,0.313361
-72,60,0.317159
-70,60,0.320931
-68,60,0.324659
-66,60,0.328326
-64,60,0.331911
-62,60,0.335398
-60,60,0.338768
-58,60,0.342002
-56,60,0.345081
-54,60,0.347987
-52,60,0.350704
-50,60,0.353212
-48,60,0.355497
-46,60,0.357543
-44,60,0.359335
-42,60,0.36086
-40,60,0.362108
-38,60,0.363068
-36,60,0.363731
-34,60,0.364093
-32,60,0.364148
-30,60,0.363894
-28,60,0.363332
-26,60,0.362463
-24,60,0.361293
-22,60,0.359827
-20,60,0.358075
-18,60,0.356047
-16,60,0.353758
-14,60,0.351221
-12,60,0.348456
-10,60,0.34548
-8,60,0.342316
-6,60,0.338984
-4,60,0.33551
-2,60,0.331918
0,60,0.328236
2,60,0.32449
4,60,0.320708
6,60,0.31692
8,60,0.313153
10,60,0.309438
12,60,0.305802
14,60,0.302275
16,60,0.298884
18,60,0.295656
20,60,0.292616
22,60,0.289789
24,60,0.287197
26,60,0.284861
28,60,0.2828
30,60,0.281029
32,60,0.279561
34,60,0.278409
36,60,0.277579
38,60,0.277077
40,60,0.276905
42,60,0.277061
44,60,0.277542
46,60,0.27834
48,60,0.279446
50,60,0.280847
52,60,0.282528
54,60,0.284471
56,60,0.286656
58,60,0.289062
60,60,0.291666
62,60,0.294442
64,60,0.297367
66,60,0.300412
68,60,0.303553
70,60,0.306762
72,60,0.310013
74,60,0.313279
76,60,0.316537
78,60,0.319761
80,60,0.322928
82,60,0.326017
84,60,0.329008
86,60,0.331881
88,60,0.33462
90,60,0.33721
92,60,0.339637
94,60,0.341889
96,60,0.343957
98,60,0.345832
100,60,0.347509
102,60,0.348982
104,60,0.350249
106,60,0.351308
108,60,0.352159
110,60,0.352803
112,60,0.353242
114,60,0.35348
116,60,0.353521
118,60,0.353371
120,60,0.353035
122,60,0.352519
124,60,0.351833
126,60,0.350981
128,60,0.349974
130,60,0.348818
132,60,0.347521
134,60,0.346093
136,60,0.344542
138,60,0.342875
140,60,0.3411
142,60,0.339227
144,60,0.337261
146,60,0.335211
148,60,0.333084
150,60,0.330887
152,60,0.328627
154,60,0.326309
156,60,0.323941
158,60,0.321527
160,60,0.319073
162,60,0.316585
164,60,0.314068
166,60,0.311526
168,60,0.308966
170,60,0.30639
172,60,0.303804
174,60,0.301213
176,60,0.298622
178,60,0.296034
180,60,0.293454
-180,62,0.533974
-178,62,0.531411
-176,62,0.528865
-174,62,0.526342
-172,62,0.523846
-170,62,0.521385
-168,62,0.518963
-166,62,0.516589
-164,62,0.514267
-162,62,0.512006
-160,62,0.509811
-158,62,0.507692
-156,62,0.505654
-154,62,0.503707
-152,62,0.501857
-150,62,0.500113
-148,62,0.498483
-146,62,0.496975
-144,62,0.495598
-142,62,0.49436
-140,62,0.493268
-138,62,0.492332
-136,62,0.491557
-134,62,0.490952
-132,62,0.490524
-130,62,0.490278
-128,62,0.49022
-126,62,0.490356
-124,62,0.490689
-122,62,0.491222
-120,62,0.491959
-118,62,0.4929
-116,62,0.494045
-114,62,0.495395
-112,62,0.496946
-110,62,0.498697
-108,62,0.500642
-106,62,0.502778
-104,62,0.505098
-102,62,0.507595
-100,62,0.510261
-98,62,0.513087
-96,62,0.516064
-94,62,0.51918
-92,62,0.522426
-90,62,0.525788
-88,62,0.529254
-86,62,0.532812
-84,62,0.536446
-82,62,0.540144
-80,62,0.54389
-78,62,0.547668
-76,62,0.551463
-74,62,0.555259
-72,62,0.559039
-70,62,0.562785
-68,62,0.56648
-66,62,0.570106
-64,62,0.573645
-62,62,0.577079
-60,62,0.58039
-58,62,0.583559
-56,62,0.586567
-54,62,0.589398
-52,62,0.592034
-50,62,0.594458
-48,62,0.596654
-46,62,0.598606
-44,62,0.600302
-42,62,0.601728
-40,62,0.602874
-38,62,0.603729
-36,62,0.604286
-34,62,0.604538
-32,62,0.604482
-30,62,0.604116
-28,62,0.60344
-26,62,0.602457
-24,62,0.60117
-22,62,0.599587
-20,62,0.597716
-18,62,0.59557
-16,62,0.59316
-14,62,0.590503
-12,62,0.587616
-10,62,0.584518
-8,62,0.58123
-6,62,0.577775
-4,62,0.574176
-2,62,0.570459
0,62,0.56665
2,62,0.562777
4,62,0.558869
6,62,0.554953
8,62,0.551059
10,62,0.547217
12,62,0.543455
14,62,0.539803
16,62,0.536289
18,62,0.53294
20,62,0.529783
22,62,0.526841
24,62,0.52414
26,62,0.521699
28,62,0.519538
30,62,0.517673
32,62,0.51612
34,62,0.514889
36,62,0.513989
38,62,0.513425
40,62,0.5132
42,62,0.513313
44,62,0.513761
46,62,0.514536
48,62,0.515628
50,62,0.517026
52,62,0.518713
54,62,0.520672
56,62,0.522882
58,62,0.525323
60,62,0.527969
62,62,0.530796
64,62,0.533778
66,62,0.536888
68,62,0.540099
70,62,0.543383
72,62,0.546714
74,62,0.550064
76,62,0.553409
78,62,0.556722
80,62,0.559981
82,62,0.563162
84,62,0.566246
86,62,0.569214
88,62,0.572047
90,62,0.57473
92,62,0.57725
94,62,0.579595
96,62,0.581755
98,62,0.583722
100,62,0.585489
102,62,0.587052
104,62,0.588409
106,62,0.589556
108,62,0.590495
110,62,0.591227
112,62,0.591753
114,62,0.592079
116,62,0.592207
118,62,0.592143
120,62,0.591894
122,62,0.591466
124,62,0.590866
126,62,0.590102
128,62,0.58918
130,62,0.58811
132,62,0.586898
134,62,0.585554
136,62,0.584085
138,62,0.582499
140,62,0.580803
142,62,0.579006
144,62,0.577114
146,62,0.575135
148,62,0.573076
150,62,0.570943
152,62,0.568742
154,62,0.566481
156,62,0.564164
158,62,0.561798
160,62,0.559387
162,62,0.556938
164,62,0.554454
166,62,0.551943
168,62,0.549407
170,62,0.546853
172,62,0.544285
174,62,0.541708
176,62,0.539128
178,62,0.536548
180,62,0.533974
-180,64,0.757225
-178,64,0.75466
-176,64,0.752112
-174,64,0.749585
-172,64,0.747086
-170,64,0.744622
-168,64,0.742198
-166,64,0.739821
-164,64,0.7375
-162,64,0.73524
-160,64,0.733048
-158,64,0.730934
-156,64,0.728903
-154,64,0.726965
-152,64,0.725127
-150,64,0.723397
-148,64,0.721783
-146,64,0.720294
-144,64,0.718939
-142,64,0.717724
-140,64,0.716659
-138,64,0.715751
-136,64,0.715008
-134,64,0.714437
-132,64,0.714045
-130,64,0.713839
-128,64,0.713823
-126,64,0.714003
-124,64,0.714383
-122,64,0.714966
-120,64,0.715754
-118,64,0.716748
-116,64,0.717949
-114,64,0.719356
-112,64,0.720965
-110,64,0.722775
-108,64,0.72478
-106,64,0.726975
-104,64,0.729354
-102,64,0.731908
-100,64,0.73463
-98,64,0.737509
-96,64,0.740535
-94,64,0.743698
-92,64,0.746986
-90,64,0.750385
-88,64,0.753883
-86,64,0.757466
-84,64,0.76112
-82,64,0.76483
-80,64,0.768581
-78,64,0.772358
-76,64,0.776145
-74,64,0.779924
-72,64,0.78368
-70,64,0.787395
-68,64,0.791052
-66,64,0.794633
-64,64,0.79812
-62,64,0.801495
-60,64,0.804741
-58,64,0.807839
-56,64,0.810771
-54,64,0.813521
-52,64,0.81607
-50,64,0.818403
-48,64,0.820505
-46,64,0.82236
-44,64,0.823954
-42,64,0.825277
-40,64,0.826316
-38,64,0.827063
-36,64,0.82751
-34,64,0.827651
-32,64,0.827483
-30,64,0.827004
-28,64,0.826214
-26,64,0.825116
-24,64,0.823715
-22,64,0.822017
-20,64,0.820033
-18,64,0.817772
-16,64,0.815249
-14,64,0.812478
-12,64,0.809478
-10,64,0.806267
-8,64,0.802866
-6,64,0.799298
-4,64,0.795586
-2,64,0.791756
0,64,0.787835
2,64,0.783849
4,64,0.779828
6,64,0.775801
8,64,0.771795
10,64,0.767842
12,64,0.76397
14,64,0.760209
16,64,0.756588
18,64,0.753133
20,64,0.749872
22,64,0.746831
24,64,0.744033
26,64,0.741499
28,64,0.73925
30,64,0.737303
32,64,0.735673
34,64,0.734371
36,64,0.733407
38,64,0.732787
40,64,0.732513
42,64,0.732585
44,64,0.733001
46,64,0.733752
48,64,0.734829
50,64,0.73622
52,64,0.73791
54,64,0.739879
56,64,0.742109
58,64,0.744576
60,64,0.747257
62,64,0.750126
64,64,0.753156
66,64,0.756321
68,64,0.759592
70,64,0.762942
72,64,0.766343
74,64,0.769768
76,64,0.77319
78,64,0.776583
80,64,0.779925
82,64,0.783192
84,64,0.786362
86,64,0.789417
88,64,0.792338
90,64,0.79511
92,64,0.797719
94,64,0.800154
96,64,0.802403
98,64,0.804459
100,64,0.806316
102,64,0.807969
104,64,0.809414
106,64,0.810651
108,64,0.81168
110,64,0.812501
112,64,0.813117
114,64,0.813531
116,64,0.813749
118,64,0.813775
120,64,0.813616
122,64,0.813277
124,64,0.812766
126,64,0.812089
128,64,0.811255
130,64,0.810272
132,64,0.809145
134,64,0.807884
136,64,0.806497
138,64,0.80499
140,64,0.80337
142,64,0.801647
144,64,0.799825
146,64,0.797913
148,64,0.795916
150,64,0.793841
152,64,0.791695
154,64,0.789482
156,64,0.78721
158,64,0.784884
160,64,0.782508
162,64,0.780089
164,64,0.777632
166,64,0.775141
168,64,0.772623
170,64,0.770083
172,64,0.767525
174,64,0.764954
176,64,0.762377
178,64,0.759799
180,64,0.757225
-180,66,0.963406
-178,66,0.960834
-176,66,0.958278
-174,66,0.955745
-172,66,0.953239
-170,66,0.950769
-168,66,0.948341
-166,66,0.945963
-164,66,0.943641
-162,66,0.941383
-160,66,0.939197
-158,66,0.937089
-156,66,0.935069
-154,66,0.933143
-152,66,0.93132
-150,66,0.929608
-148,66,0.928015
-146,66,0.92655
-144,66,0.92522
-142,66,0.924034
-140,66,0.923
-138,66,0.922126
-136,66,0.921418
-134,66,0.920886
-132,66,0.920534
-130,66,0.920371
-128,66,0.9204
-126,66,0.920627
-124,66,0.921056
-122,66,0.921691
-120,66,0.922532
-118,66,0.923581
-116,66,0.924839
-114,66,0.926303
-112,66,0.927971
-110,66,0.929839
-108,66,0.931903
-106,66,0.934157
-104,66,0.936593
-102,66,0.939203
-100,66,0.941978
-98,66,0.944908
-96,66,0.947982
-94,66,0.951189
-92,66,0.954515
-90,66,0.957948
-88,66,0.961475
-86,66,0.96508
-84,66,0.96875
-82,66,0.972469
-80,66,0.976222
-78,66,0.979993
-76,66,0.983766
-74,66,0.987525
-72,66,0.991252
-70,66,0.994931
-68,66,0.998544
-66,66,1.00207
-64,66,1.0055
-62,66,1.00882
-60,66,1.01199
-58,66,1.01501
-56,66,1.01786
-54,66,1.02053
-52,66,1.02299
-50,66,1.02522
-48,66,1.02723
-46,66,1.02898
-44,66,1.03047
-42,66,1.03168
-40,66,1.03261
-38,66,1.03325
-36,66,1.03359
-34,66,1.03361
-32,66,1.03333
-30,66,1.03274
-28,66,1.03184
-26,66,1.03063
-24,66,1.02912
-22,66,1.02731
-20,66,1.02521
-18,66,1.02285
-16,66,1.02022
-14,66,1.01734
-12,66,1.01423
-10,66,1.01092
-8,66,1.00742
-6,66,1.00375
-4,66,0.999936
-2,66,0.996007
0,66,0.991988
2,66,0.987905
4,66,0.983787
6,66,0.979664
8,66,0.975563
10,66,0.971515
12,66,0.96755
14,66,0.963697
16,66,0.959984
18,66,0.95644
20,66,0.953092
22,66,0.949966
24,66,0.947085
26,66,0.944472
28,66,0.942148
30,66,0.940129
32,66,0.938432
34,66,0.937068
36,66,0.936047
38,66,0.935376
40,66,0.935058
42,66,0.935093
44,66,0.935477
46,66,0.936204
48,66,0.937265
50,66,0.938647
52,66,0.940334
54,66,0.942309
56,66,0.944551
58,66,0.947037
60,66,0.949744
62,66,0.952646
64,66,0.955715
66,66,0.958925
68,66,0.962246
70,66,0.965651
72,66,0.969111
74,66,0.9726
76,66,0.976089
78,66,0.979554
80,66,0.982969
82,66,0.986311
84,66,0.98956
86,66,0.992695
88,66,0.995698
90,66,0.998554
92,66,1.00125
94,66,1.00377
96,66,1.0061
98,66,1.00825
100,66,1.01019
102,66,1.01193
104,66,1.01347
106,66,1.01479
108,66,1.01591
110,66,1.01683
112,66,1.01753
114,66,1.01804
116,66,1.01835
118,66,1.01847
120,66,1.0184
122,66,1.01815
124,66,1.01773
126,66,1.01715
128,66,1.0164
130,66,1.0155
132,66,1.01446
134,66,1.01328
136,66,1.01198
138,66,1.01055
140,66,1.009
142,66,1.00735
144,66,1.00559
146,66,1.00374
148,66,1.0018
150,66,0.999781
152,66,0.997682
154,66,0.995512
156,66,0.993277
158,66,0.990983
160,66,0.988635
162,66,0.986238
164,66,0.983798
166,66,0.981321
168,66,0.978812
170,66,0.976276
172,66,0.97372
174,66,0.971149
176,66,0.968569
178,66,0.965986
180,66,0.963406
-180,68,1.15268
-178,68,1.1501
-176,68,1.14753
-174,68,1.14499
-172,68,1.14247
-170,68,1.13999
-168,68,1.13756
-166,68,1.13518
-164,68,1.13286
-162,68,1.1306
-160,68,1.12842
-158,68,1.12632
-156,68,1.12431
-154,68,1.1224
-152,68,1.1206
-150,68,1.11891
-148,68,1.11734
-146,68,1.1159
-144,68,1.1146
-142,68,1.11345
-140,68,1.11245
-138,68,1.11161
-136,68,1.11094
-134,68,1.11045
-132,68,1.11014
-130,68,1.11003
-128,68,1.1101
-126,68,1.11038
-124,68,1.11086
-122,68,1.11155
-120,68,1.11244
-118,68,1.11355
-116,68,1.11486
-114,68,1.11638
-112,68,1.11811
-110,68,1.12003
-108,68,1.12215
-106,68,1.12446
-104,68,1.12696
-102,68,1.12962
-100,68,1.13245
-98,68,1.13542
-96,68,1.13854
-94,68,1.14179
-92,68,1.14515
-90,68,1.14862
-88,68,1.15217
-86,68,1.15579
-84,68,1.15947
-82,68,1.16319
-80,68,1.16694
-78,68,1.17071
-76,68,1.17446
-74,68,1.17819
-72,68,1.18189
-70,68,1.18553
-68,68,1.18909
-66,68,1.19257
-64,68,1.19593
-62,68,1.19918
-60,68,1.20228
-58,68,1.20522
-56,68,1.20798
-54,68,1.21056
-52,68,1.21292
-50,68,1.21506
-48,68,1.21696
-46,68,1.21861
-44,68,1.21999
-42,68,1.2211
-40,68,1.22191
-38,68,1.22244
-36,68,1.22266
-34,68,1.22258
-32,68,1.22218
-30,68,1.22148
-28,68,1.22047
-26,68,1.21915
-24,68,1.21753
-22,68,1.21562
-20,68,1.21342
-18,68,1.21095
-16,68,1.20822
-14,68,1.20525
-12,68,1.20205
-10,68,1.19864
-8,68,1.19505
-6,68,1.19129
-4,68,1.18739
-2,68,1.18338
0,68,1.17927
2,68,1.17511
4,68,1.17091
6,68,1.16671
8,68,1.16253
10,68,1.15841
12,68,1.15436
14,68,1.15044
16,68,1.14665
18,68,1.14303
20,68,1.13961
22,68,1.13642
24,68,1.13347
26,68,1.13079
28,68,1.12841
30,68,1.12633
32,68,1.12457
34,68,1.12316
36,68,1.12209
38,68,1.12137
40,68,1.12101
42,68,1.12101
44,68,1.12137
46,68,1.12207
48,68,1.12311
50,68,1.12448
52,68,1.12616
54,68,1.12814
56,68,1.13039
58,68,1.13288
60,68,1.13561
62,68,1.13853
64,68,1.14163
66,68,1.14488
68,68,1.14824
70,68,1.15168
72,68,1.15519
74,68,1.15873
76,68,1.16228
78,68,1.16581
80,68,1.16928
82,68,1.17269
84,68,1.17601
86,68,1.17922
88,68,1.1823
90,68,1.18523
92,68,1.188
94,68,1.19061
96,68,1.19302
98,68,1.19525
100,68,1.19728
102,68,1.19911
104,68,1.20074
106,68,1.20215
108,68,1.20336
110,68,1.20437
112,68,1.20517
114,68,1.20577
116,68,1.20617
118,68,1.20638
120,68,1.20641
122,68,1.20626
124,68,1.20593
126,68,1.20543
128,68,1.20478
130,68,1.20397
132,68,1.20301
134,68,1.20192
136,68,1.20069
138,68,1.19934
140,68,1.19786
142,68,1.19628
144,68,1.19458
146,68,1.19279
148,68,1.1909
150,68,1.18893
152,68,1.18687
154,68,1.18473
156,68,1.18253
158,68,1.18026
160,68,1.17793
162,68,1.17555
164,68,1.17312
166,68,1.17065
168,68,1.16814
170,68,1.1656
172,68,1.16304
174,68,1.16046
176,68,1.15787
178,68,1.15527
180,68,1.15268
-180,70,1.3252
-178,70,1.3226
-176,70,1.32001
-174,70,1.31745
-172,70,1.31492
-170,70,1.31244
-168,70,1.30999
-166,70,1.30761
-164,70,1.30528
-162,70,1.30303
-160,70,1.30086
-158,70,1.29877
-156,70,1.29677
-154,70,1.29488
-152,70,1.29309
-150,70,1.29143
-148,70,1.28989
-146,70,1.28848
-144,70,1.28721
-142,70,1.28609
-140,70,1.28513
-138,70,1.28433
-136,70,1.28371
-134,70,1.28326
-132,70,1.283
-130,70,1.28293
-128,70,1.28305
-126,70,1.28338
-124,70,1.28391
-122,70,1.28465
-120,70,1.2856
-118,70,1.28676
-116,70,1.28813
-114,70,1.28971
-112,70,1.29149
-110,70,1.29347
-108,70,1.29565
-106,70,1.29801
-104,70,1.30056
-102,70,1.30327
-100,70,1.30615
-98,70,1.30917
-96,70,1.31233
-94,70,1.31561
-92,70,1.319
-90,70,1.32249
-88,70,1.32606
-86,70,1.3297
-84,70,1.33339
-82,70,1.33711
-80,70,1.34086
-78,70,1.3446
-76,70,1.34833
-74,70,1.35204
-72,70,1.35569
-70,70,1.35929
-68,70,1.3628
-66,70,1.36622
-64,70,1.36952
-62,70,1.37269
-60,70,1.37571
-58,70,1.37857
-56,70,1.38124
-54,70,1.38372
-52,70,1.38598
-50,70,1.38802
-48,70,1.38982
-46,70,1.39136
-44,70,1.39263
-42,70,1.39363
-40,70,1.39433
-38,70,1.39475
-36,70,1.39486
-34,70,1.39466
-32,70,1.39416
-30,70,1.39335
-28,70,1.39223
-26,70,1.3908
-24,70,1.38908
-22,70,1.38707
-20,70,1.38477
-18,70,1.38221
-16,70,1.37939
-14,70,1.37633
-12,70,1.37305
-10,70,1.36956
-8,70,1.36589
-6,70,1.36205
-4,70,1.35808
-2,70,1.354
0,70,1.34983
2,70,1.3456
4,70,1.34134
6,70,1.33708
8,70,1.33284
10,70,1.32865
12,70,1.32455
14,70,1.32057
16,70,1.31673
18,70,1.31305
20,70,1.30958
22,70,1.30633
24,70,1.30333
26,70,1.3006
28,70,1.29817
30,70,1.29604
32,70,1.29424
34,70,1.29278
36,70,1.29167
38,70,1.29092
40,70,1.29053
42,70,1.2905
44,70,1.29082
46,70,1.2915
48,70,1.29253
50,70,1.29388
52,70,1.29555
54,70,1.29752
56,70,1.29977
58,70,1.30227
60,70,1.305
62,70,1.30794
64,70,1.31106
66,70,1.31432
68,70,1.31771
70,70,1.32119
72,70,1.32474
74,70,1.32832
76,70,1.33191
78,70,1.33549
80,70,1.33902
82,70,1.34248
84,70,1.34586
86,70,1.34914
88,70,1.35228
90,70,1.35528
92,70,1.35813
94,70,1.36081
96,70,1.36331
98,70,1.36562
100,70,1.36773
102,70,1.36965
104,70,1.37136
106,70,1.37287
108,70,1.37417
110,70,1.37526
112,70,1.37616
114,70,1.37685
116,70,1.37735
118,70,1.37766
120,70,1.37778
122,70,1.37772
124,70,1.37749
126,70,1.37709
128,70,1.37652
130,70,1.3758
132,70,1.37493
134,70,1.37392
136,70,1.37277
138,70,1.37149
140,70,1.37008
142,70,1.36856
144,70,1.36693
146,70,1.36519
148,70,1.36335
150,70,1.36141
152,70,1.35939
154,70,1.35728
156,70,1.3551
158,70,1.35285
160,70,1.35053
162,70,1.34816
164,70,1.34573
166,70,1.34325
168,70,1.34074
170,70,1.33819
172,70,1.33562
174,70,1.33302
176,70,1.33042
178,70,1.32781
180,70,1.3252
-180,72,1.48106
-178,72,1.47844
-176,72,1.47584
-174,72,1.47326
-172,72,1.47072
-170,72,1.46821
-168,72,1.46576
-166,72,1.46337
-164,72,1.46104
-162,72,1.45879
-160,72,1.45662
-158,72,1.45454
-156,72,1.45256
-154,72,1.45069
-152,72,1.44892
-150,72,1.44728
-148,72,1.44577
-146,72,1.44439
-144,72,1.44316
-142,72,1.44208
-140,72,1.44115
-138,72,1.4404
-136,72,1.43982
-134,72,1.43941
-132,72,1.4392
-130,72,1.43918
-128,72,1.43935
-126,72,1.43973
-124,72,1.44031
-122,72,1.44111
-120,72,1.44211
-118,72,1.44332
-116,72,1.44475
-114,72,1.44638
-112,72,1.44821
-110,72,1.45025
-108,72,1.45248
-106,72,1.45489
-104,72,1.45749
-102,72,1.46025
-100,72,1.46317
-98,72,1.46623
-96,72,1.46943
-94,72,1.47274
-92,72,1.47616
-90,72,1.47967
-88,72,1.48326
-86,72,1.4869
-84,72,1.49059
-82,72,1.49431
-80,72,1.49804
-78,72,1.50177
-76,72,1.50547
-74,72,1.50914
-72,72,1.51275
-70,72,1.5163
-68,72,1.51975
-66,72,1.5231
-64,72,1.52633
-62,72,1.52943
-60,72,1.53237
-58,72,1.53514
-56,72,1.53772
-54,72,1.5401
-52,72,1.54227
-50,72,1.5442
-48,72,1.54589
-46,72,1.54732
-44,72,1.54848
-42,72,1.54937
-40,72,1.54997
-38,72,1.55027
-36,72,1.55027
-34,72,1.54996
-32,72,1.54935
-30,72,1.54844
-28,72,1.54721
-26,72,1.54569
-24,72,1.54387
-22,72,1.54177
-20,72,1.53939
-18,72,1.53674
-16,72,1.53384
-14,72,1.5307
-12,72,1.52734
-10,72,1.52379
-8,72,1.52005
-6,72,1.51616
-4,72,1.51213
-2,72,1.50799
0,72,1.50377
2,72,1.4995
4,72,1.49519
6,72,1.49088
8,72,1.4866
10,72,1.48237
12,72,1.47823
14,72,1.47421
16,72,1.47033
18,72,1.46662
20,72,1.46311
22,72,1.45982
24,72,1.45679
26,72,1.45402
28,72,1.45155
30,72,1.44939
32,72,1.44756
34,72,1.44606
36,72,1.44492
38,72,1.44414
40,72,1.44372
42,72,1.44366
44,72,1.44396
46,72,1.44462
48,72,1.44562
50,72,1.44696
52,72,1.44861
54,72,1.45057
56,72,1.45281
58,72,1.45531
60,72,1.45804
62,72,1.46098
64,72,1.46411
66,72,1.46738
68,72,1.47079
70,72,1.47429
72,72,1.47786
74,72,1.48147
76,72,1.4851
78,72,1.48871
80,72,1.49229
82,72,1.4958
84,72,1.49923
86,72,1.50256
88,72,1.50577
90,72,1.50883
92,72,1.51175
94,72,1.5145
96,72,1.51707
98,72,1.51946
100,72,1.52165
102,72,1.52365
104,72,1.52545
106,72,1.52705
108,72,1.52844
110,72,1.52963
112,72,1.53062
114,72,1.53141
116,72,1.53201
118,72,1.53241
120,72,1.53263
122,72,1.53267
124,72,1.53253
126,72,1.53222
128,72,1.53175
130,72,1.53111
132,72,1.53033
134,72,1.5294
136,72,1.52832
138,72,1.52711
140,72,1.52577
142,72,1.52431
144,72,1.52273
146,72,1.52104
148,72,1.51924
150,72,1.51735
152,72,1.51535
154,72,1.51327
156,72,1.51111
158,72,1.50887
160,72,1.50655
162,72,1.50418
164,72,1.50175
166,72,1.49926
168,72,1.49673
170,72,1.49417
172,72,1.49158
174,72,1.48896
176,72,1.48633
178,72,1.4837
180,72,1.48106
-180,74,1.62039
-178,74,1.61774
-176,74,1.61511
-174,74,1.61251
-172,74,1.60995
-170,74,1.60743
-168,74,1.60497
-166,74,1.60257
-164,74,1.60024
-162,74,1.59798
-160,74,1.59582
-158,74,1.59375
-156,74,1.59178
-154,74,1.58992
-152,74,1.58818
-150,74,1.58656
-148,74,1.58508
-146,74,1.58373
-144,74,1.58254
-142,74,1.58149
-140,74,1.58061
-138,74,1.5799
-136,74,1.57936
-134,74,1.579
-132,74,1.57883
-130,74,1.57886
-128,74,1.57908
-126,74,1.57951
-124,74,1.58015
-122,74,1.58099
-120,74,1.58205
-118,74,1.58331
-116,74,1.58479
-114,74,1.58647
-112,74,1.58836
-110,74,1.59044
-108,74,1.59272
-106,74,1.59518
-104,74,1.59782
-102,74,1.60063
-100,74,1.60358
-98,74,1.60668
-96,74,1.60991
-94,74,1.61325
-92,74,1.61669
-90,74,1.62022
-88,74,1.62381
-86,74,1.62746
-84,74,1.63114
-82,74,1.63485
-80,74,1.63856
-78,74,1.64226
-76,74,1.64593
-74,74,1.64956
-72,74,1.65313
-70,74,1.65661
-68,74,1.66001
-66,74,1.66329
-64,74,1.66645
-62,74,1.66946
-60,74,1.67231
-58,74,1.67499
-56,74,1.67748
-54,74,1.67977
-52,74,1.68183
-50,74,1.68366
-48,74,1.68524
-46,74,1.68657
-44,74,1.68762
-42,74,1.6884
-40,74,1.68888
-38,74,1.68908
-36,74,1.68897
-34,74,1.68856
-32,74,1.68785
-30,74,1.68683
-28,74,1.68552
-26,74,1.6839
-24,74,1.68199
-22,74,1.67981
-20,74,1.67734
-18,74,1.67462
-16,74,1.67165
-14,74,1.66845
-12,74,1.66503
-10,74,1.66142
-8,74,1.65764
-6,74,1.6537
-4,74,1.64963
-2,74,1.64545
0,74,1.6412
2,74,1.63689
4,74,1.63255
6,74,1.62821
8,74,1.62391
10,74,1.61966
12,74,1.6155
14,74,1.61145
16,74,1.60755
18,74,1.60382
20,74,1.60029
22,74,1.59699
24,74,1.59393
26,74,1.59115
28,74,1.58865
30,74,1.58647
32,74,1.58461
34,74,1.5831
36,74,1.58193
38,74,1.58113
40,74,1.58068
42,74,1.5806
44,74,1.58088
46,74,1.58151
48,74,1.5825
50,74,1.58381
52,74,1.58545
54,74,1.58739
56,74,1.58962
58,74,1.5921
60,74,1.59483
62,74,1.59776
64,74,1.60088
66,74,1.60416
68,74,1.60757
70,74,1.61109
72,74,1.61467
74,74,1.6183
76,74,1.62195
78,74,1.62559
80,74,1.6292
82,74,1.63275
84,74,1.63622
86,74,1.6396
88,74,1.64285
90,74,1.64598
92,74,1.64895
94,74,1.65177
96,74,1.65441
98,74,1.65687
100,74,1.65914
102,74,1.66122
104,74,1.66311
106,74,1.66479
108,74,1.66628
110,74,1.66756
112,74,1.66865
114,74,1.66953
116,74,1.67023
118,74,1.67073
120,74,1.67105
122,74,1.67118
124,74,1.67114
126,74,1.67092
128,74,1.67054
130,74,1.66999
132,74,1.66929
134,74,1.66844
136,74,1.66744
138,74,1.6663
140,74,1.66503
142,74,1.66362
144,74,1.66209
146,74,1.66045
148,74,1.65869
150,74,1.65682
152,74,1.65485
154,74,1.65279
156,74,1.65064
158,74,1.6484
160,74,1.64609
162,74,1.64371
164,74,1.64126
166,74,1.63876
168,74,1.63622
170,74,1.63363
172,74,1.63101
174,74,1.62837
176,74,1.62571
178,74,1.62305
180,74,1.62039
-180,76,1.74326
-178,76,1.74058
-176,76,1.73792
-174,76,1.73529
-172,76,1.73271
-170,76,1.73017
-168,76,1.72769
-166,76,1.72528
-164,76,1.72295
-162,76,1.72069
-160,76,1.71853
-158,76,1.71647
-156,76,1.71451
-154,76,1.71267
-152,76,1.71095
-150,76,1.70936
-148,76,1.7079
-146,76,1.70658
-144,76,1.70542
-142,76,1.70441
-140,76,1.70357
-138,76,1.7029
-136,76,1.7024
-134,76,1.70209
-132,76,1.70197
-130,76,1.70204
-128,76,1.70232
-126,76,1.70279
-124,76,1.70348
-122,76,1.70437
-120,76,1.70548
-118,76,1.70679
-116,76,1.70832
-114,76,1.71005
-112,76,1.71198
-110,76,1.71411
-108,76,1.71644
-106,76,1.71894
-104,76,1.72162
-102,76,1.72446
-100,76,1.72745
-98,76,1.73058
-96,76,1.73383
-94,76,1.73719
-92,76,1.74064
-90,76,1.74418
-88,76,1.74778
-86,76,1.75142
-84,76,1.7551
-82,76,1.75878
-80,76,1.76247
-78,76,1.76614
-76,76,1.76977
-74,76,1.77335
-72,76,1.77686
-70,76,1.78029
-68,76,1.78362
-66,76,1.78683
-64,76,1.78991
-62,76,1.79284
-60,76,1.7956
-58,76,1.79819
-56,76,1.80058
-54,76,1.80277
-52,76,1.80473
-50,76,1.80645
-48,76,1.80793
-46,76,1.80915
-44,76,1.8101
-42,76,1.81077
-40,76,1.81115
-38,76,1.81124
-36,76,1.81103
-34,76,1.81052
-32,76,1.80971
-30,76,1.80861
-28,76,1.8072
-26,76,1.8055
-24,76,1.80351
-22,76,1.80125
-20,76,1.79872
-18,76,1.79593
-16,76,1.7929
-14,76,1.78965
-12,76,1.78619
-10,76,1.78253
-8,76,1.77871
-6,76,1.77474
-4,76,1.77065
-2,76,1.76645
0,76,1.76218
2,76,1.75785
4,76,1.7535
6,76,1.74916
8,76,1.74485
10,76,1.74059
12,76,1.73643
14,76,1.73238
16,76,1.72848
18,76,1.72475
20,76,1.72121
22,76,1.7179
24,76,1.71484
26,76,1.71205
28,76,1.70955
30,76,1.70736
32,76,1.70549
34,76,1.70396
36,76,1.70278
38,76,1.70196
40,76,1.7015
42,76,1.7014
44,76,1.70166
46,76,1.70227
48,76,1.70323
50,76,1.70452
52,76,1.70614
54,76,1.70806
56,76,1.71026
58,76,1.71273
60,76,1.71544
62,76,1.71836
64,76,1.72147
66,76,1.72474
68,76,1.72815
70,76,1.73166
72,76,1.73524
74,76,1.73888
76,76,1.74254
78,76,1.7462
80,76,1.74983
82,76,1.75341
84,76,1.75691
86,76,1.76032
88,76,1.76363
90,76,1.7668
92,76,1.76983
94,76,1.7727
96,76,1.77541
98,76,1.77794
100,76,1.78029
102,76,1.78245
104,76,1.78441
106,76,1.78618
108,76,1.78776
110,76,1.78913
112,76,1.79031
114,76,1.7913
116,76,1.79209
118,76,1.79269
120,76,1.7931
122,76,1.79333
124,76,1.79338
126,76,1.79326
128,76,1.79297
130,76,1.79251
132,76,1.79189
134,76,1.79112
136,76,1.79019
138,76,1.78912
140,76,1.7879
142,76,1.78656
144,76,1.78508
146,76,1.78347
148,76,1.78175
150,76,1.77991
152,76,1.77796
154,76,1.77591
156,76,1.77376
158,76,1.77153
160,76,1.76921
162,76,1.76682
164,76,1.76436
166,76,1.76184
168,76,1.75927
170,76,1.75665
172,76,1.754
174,76,1.75133
176,76,1.74864
178,76,1.74595
180,76,1.74326
-180,78,1.84974
-178,78,1.84702
-176,78,1.84434
-174,78,1.84168
-172,78,1.83907
-170,78,1.83651
-168,78,1.83402
-166,78,1.83159
-164,78,1.82925
-162,78,1.82699
-160,78,1.82483
-158,78,1.82277
-156,78,1.82082
-154,78,1.819
-152,78,1.81729
-150,78,1.81572
-148,78,1.81429
-146,78,1.81301
-144,78,1.81188
-142,78,1.81091
-140,78,1.8101
-138,78,1.80947
-136,78,1.80901
-134,78,1.80875
-132,78,1.80867
-130,78,1.80879
-128,78,1.8091
-126,78,1.80963
-124,78,1.81036
-122,78,1.8113
-120,78,1.81245
-118,78,1.81381
-116,78,1.81538
-114,78,1.81716
-112,78,1.81914
-110,78,1.82131
-108,78,1.82367
-106,78,1.82621
-104,78,1.82892
-102,78,1.83179
-100,78,1.83481
-98,78,1.83796
-96,78,1.84123
-94,78,1.8446
-92,78,1.84807
-90,78,1.8516
-88,78,1.85519
-86,78,1.85883
-84,78,1.86248
-82,78,1.86615
-80,78,1.8698
-78,78,1.87343
-76,78,1.87702
-74,78,1.88055
-72,78,1.884
-70,78,1.88736
-68,78,1.89062
-66,78,1.89376
-64,78,1.89675
-62,78,1.8996
-60,78,1.90227
-58,78,1.90476
-56,78,1.90706
-54,78,1.90914
-52,78,1.911
-50,78,1.91262
-48,78,1.914
-46,78,1.91511
-44,78,1.91596
-42,78,1.91652
-40,78,1.91681
-38,78,1.9168
-36,78,1.91649
-34,78,1.91589
-32,78,1.91499
-30,78,1.9138
-28,78,1.91231
-26,78,1.91054
-24,78,1.90849
-22,78,1.90616
-20,78,1.90357
-18,78,1.90073
-16,78,1.89766
-14,78,1.89437
-12,78,1.89087
-10,78,1.88719
-8,78,1.88335
-6,78,1.87936
-4,78,1.87526
-2,78,1.87105
0,78,1.86678
2,78,1.86246
4,78,1.85812
6,78,1.85378
8,78,1.84948
10,78,1.84524
12,78,1.84109
14,78,1.83706
16,78,1.83317
18,78,1.82945
20,78,1.82593
22,78,1.82263
24,78,1.81958
26,78,1.8168
28,78,1.8143
30,78,1.81211
32,78,1.81025
34,78,1.80871
36,78,1.80753
38,78,1.8067
40,78,1.80622
42,78,1.80611
44,78,1.80635
46,78,1.80694
48,78,1.80788
50,78,1.80915
52,78,1.81074
54,78,1.81264
56,78,1.81482
58,78,1.81726
60,78,1.81994
62,78,1.82284
64,78,1.82593
66,78,1.82918
68,78,1.83257
70,78,1.83607
72,78,1.83965
74,78,1.84328
76,78,1.84694
78,78,1.85061
80,78,1.85425
82,78,1.85785
84,78,1.86137
86,78,1.86481
88,78,1.86815
90,78,1.87136
92,78,1.87444
94,78,1.87737
96,78,1.88013
98,78,1.88273
100,78,1.88515
102,78,1.88738
104,78,1.88943
106,78,1.89128
108,78,1.89294
110,78,1.89441
112,78,1.89568
114,78,1.89676
116,78,1.89765
118,78,1.89835
120,78,1.89886
122,78,1.89918
124,78,1.89933
126,78,1.8993
128,78,1.89909
130,78,1.89872
132,78,1.89818
134,78,1.89748
136,78,1.89663
138,78,1.89562
140,78,1.89447
142,78,1.89317
144,78,1.89174
146,78,1.89017
148,78,1.88848
150,78,1.88666
152,78,1.88473
154,78,1.88269
156,78,1.88055
158,78,1.87831
160,78,1.87598
162,78,1.87357
164,78,1.87109
166,78,1.86855
168,78,1.86595
170,78,1.86331
172,78,1.86062
174,78,1.85792
176,78,1.85519
178,78,1.85246
180,78,1.84974
-180,80,1.93989
-178,80,1.93714
-176,80,1.93442
-174,80,1.93174
-172,80,1.9291
-170,80,1.92652
-168,80,1.924
-166,80,1.92156
-164,80,1.9192
-162,80,1.91694
-160,80,1.91478
-158,80,1.91272
-156,80,1.91078
-154,80,1.90897
-152,80,1.90728
-150,80,1.90573
-148,80,1.90432
-146,80,1.90306
-144,80,1.90196
-142,80,1.90102
-140,80,1.90025
-138,80,1.89966
-136,80,1.89924
-134,80,1.89901
-132,80,1.89898
-130,80,1.89914
-128,80,1.8995
-126,80,1.90006
-124,80,1.90084
-122,80,1.90182
-120,80,1.90302
-118,80,1.90442
-116,80,1.90603
-114,80,1.90784
-112,80,1.90986
-110,80,1.91207
-108,80,1.91446
-106,80,1.91703
-104,80,1.91977
-102,80,1.92267
-100,80,1.9257
-98,80,1.92887
-96,80,1.93215
-94,80,1.93552
-92,80,1.93899
-90,80,1.94251
-88,80,1.94609
-86,80,1.94971
-84,80,1.95334
-82,80,1.95697
-80,80,1.96059
-78,80,1.96417
-76,80,1.96771
-74,80,1.97118
-72,80,1.97456
-70,80,1.97786
-68,80,1.98104
-66,80,1.98409
-64,80,1.987
-62,80,1.98976
-60,80,1.99234
-58,80,1.99474
-56,80,1.99694
-54,80,1.99892
-52,80,2.00068
-50,80,2.0022
-48,80,2.00347
-46,80,2.00449
-44,80,2.00523
-42,80,2.0057
-40,80,2.00589
-38,80,2.00579
-36,80,2.00539
-34,80,2.00471
-32,80,2.00373
-30,80,2.00246
-28,80,2.00091
-26,80,1.99907
-24,80,1.99696
-22,80,1.99458
-20,80,1.99195
-18,80,1.98907
-16,80,1.98596
-14,80,1.98265
-12,80,1.97913
-10,80,1.97544
-8,80,1.9716
-6,80,1.96761
-4,80,1.96351
-2,80,1.95932
0,80,1.95506
2,80,1.95076
4,80,1.94644
6,80,1.94213
8,80,1.93786
10,80,1.93365
12,80,1.92953
14,80,1.92553
16,80,1.92167
18,80,1.91798
20,80,1.91449
22,80,1.91122
24,80,1.90819
26,80,1.90543
28,80,1.90295
30,80,1.90078
32,80,1.89892
34,80,1.8974
36,80,1.89621
38,80,1.89538
40,80,1.8949
42,80,1.89477
44,80,1.895
46,80,1.89557
48,80,1.89649
50,80,1.89774
52,80,1.8993
54,80,1.90117
56,80,1.90332
58,80,1.90573
60,80,1.90838
62,80,1.91125
64,80,1.91431
66,80,1.91753
68,80,1.9209
70,80,1.92438
72,80,1.92794
74,80,1.93156
76,80,1.93521
78,80,1.93887
80,80,1.94251
82,80,1.94612
84,80,1.94966
86,80,1.95312
88,80,1.95649
90,80,1.95973
92,80,1.96285
94,80,1.96582
96,80,1.96864
98,80,1.9713
100,80,1.97378
102,80,1.97608
104,80,1.97821
106,80,1.98014
108,80,1.98189
110,80,1.98344
112,80,1.9848
114,80,1.98598
116,80,1.98696
118,80,1.98775
120,80,1.98836
122,80,1.98878
124,80,1.98902
126,80,1.98908
128,80,1.98896
130,80,1.98867
132,80,1.98821
134,80,1.98759
136,80,1.9868
138,80,1.98586
140,80,1.98476
142,80,1.98351
144,80,1.98212
146,80,1.98059
148,80,1.97893
150,80,1.97713
152,80,1.97522
154,80,1.97318
156,80,1.97104
158,80,1.96879
160,80,1.96645
162,80,1.96403
164,80,1.96153
166,80,1.95896
168,80,1.95633
170,80,1.95365
172,80,1.95093
174,80,1.94819
176,80,1.94542
178,80,1.94266
180,80,1.93989
-180,82,2.01378
-178,82,2.01099
-176,82,2.00823
-174,82,2.00551
-172,82,2.00285
-170,82,2.00024
-168,82,1.9977
-166,82,1.99524
-164,82,1.99287
-162,82,1.9906
-160,82,1.98843
-158,82,1.98637
-156,82,1.98444
-154,82,1.98263
-152,82,1.98095
-150,82,1.97942
-148,82,1.97803
-146,82,1.9768
-144,82,1.97572
-142,82,1.97481
-140,82,1.97407
-138,82,1.97351
-136,82,1.97313
-134,82,1.97293
-132,82,1.97293
-130,82,1.97313
-128,82,1.97353
-126,82,1.97414
-124,82,1.97495
-122,82,1.97597
-120,82,1.9772
-118,82,1.97864
-116,82,1.98029
-114,82,1.98214
-112,82,1.98418
-110,82,1.98642
-108,82,1.98884
-106,82,1.99144
-104,82,1.99419
-102,82,1.9971
-100,82,2.00015
-98,82,2.00332
-96,82,2.0066
-94,82,2.00998
-92,82,2.01343
-90,82,2.01694
-88,82,2.0205
-86,82,2.02408
-84,82,2.02768
-82,82,2.03127
-80,82,2.03484
-78,82,2.03837
-76,82,2.04185
-74,82,2.04525
-72,82,2.04857
-70,82,2.05179
-68,82,2.05489
-66,82,2.05786
-64,82,2.06068
-62,82,2.06334
-60,82,2.06583
-58,82,2.06813
-56,82,2.07023
-54,82,2.07212
-52,82,2.07378
-50,82,2.0752
-48,82,2.07638
-46,82,2.0773
-44,82,2.07795
-42,82,2.07832
-40,82,2.07842
-38,82,2.07824
-36,82,2.07777
-34,82,2.07701
-32,82,2.07596
-30,82,2.07463
-28,82,2.07301
-26,82,2.07112
-24,82,2.06897
-22,82,2.06655
-20,82,2.06388
-18,82,2.06098
-16,82,2.05786
-14,82,2.05454
-12,82,2.05102
-10,82,2.04733
-8,82,2.0435
-6,82,2.03953
-4,82,2.03545
-2,82,2.03129
0,82,2.02706
2,82,2.0228
4,82,2.01852
6,82,2.01425
8,82,2.01003
10,82,2.00586
12,82,2.00179
14,82,1.99784
16,82,1.99403
18,82,1.99038
20,82,1.98694
22,82,1.98371
24,82,1.98072
26,82,1.97799
28,82,1.97554
30,82,1.97339
32,82,1.97155
34,82,1.97005
36,82,1.96887
38,82,1.96804
40,82,1.96756
42,82,1.96743
44,82,1.96764
46,82,1.9682
48,82,1.9691
50,82,1.97032
52,82,1.97185
54,82,1.97369
56,82,1.9758
58,82,1.97818
60,82,1.98079
62,82,1.98363
64,82,1.98665
66,82,1.98984
68,82,1.99317
70,82,1.99662
72,82,2.00015
74,82,2.00375
76,82,2.00739
78,82,2.01103
80,82,2.01467
82,82,2.01827
84,82,2.02182
86,82,2.02529
88,82,2.02868
90,82,2.03195
92,82,2.0351
94,82,2.03811
96,82,2.04098
98,82,2.04369
100,82,2.04623
102,82,2.0486
104,82,2.05079
106,82,2.05281
108,82,2.05463
110,82,2.05627
112,82,2.05772
114,82,2.05898
116,82,2.06006
118,82,2.06094
120,82,2.06164
122,82,2.06215
124,82,2.06248
126,82,2.06263
128,82,2.0626
130,82,2.06239
132,82,2.06201
134,82,2.06146
136,82,2.06074
138,82,2.05986
140,82,2.05881
142,82,2.05762
144,82,2.05626
146,82,2.05477
148,82,2.05313
150,82,2.05135
152,82,2.04945
154,82,2.04742
156,82,2.04528
158,82,2.04302
160,82,2.04067
162,82,2.03822
164,82,2.0357
166,82,2.0331
168,82,2.03044
170,82,2.02772
172,82,2.02497
174,82,2.02219
176,82,2.01938
178,82,2.01658
180,82,2.01378
-180,84,2.07143
-178,84,2.0686
-176,84,2.06581
-174,84,2.06306
-172,84,2.06036
-170,84,2.05772
-168,84,2.05516
-166,84,2.05268
-164,84,2.05029
-162,84,2.048
-160,84,2.04582
-158,84,2.04376
-156,84,2.04183
-154,84,2.04002
-152,84,2.03836
-150,84,2.03683
-148,84,2.03546
-146,84,2.03424
-144,84,2.03319
-142,84,2.0323
-140,84,2.03159
-138,84,2.03105
-136,84,2.0307
-134,84,2.03054
-132,84,2.03058
-130,84,2.03081
-128,84,2.03124
-126,84,2.03188
-124,84,2.03273
-122,84,2.03378
-120,84,2.03504
-118,84,2.03651
-116,84,2.03819
-114,84,2.04006
-112,84,2.04213
-110,84,2.04439
-108,84,2.04683
-106,84,2.04944
-104,84,2.05221
-102,84,2.05512
-100,84,2.05817
-98,84,2.06134
-96,84,2.06462
-94,84,2.06798
-92,84,2.07141
-90,84,2.0749
-88,84,2.07842
-86,84,2.08197
-84,84,2.08553
-82,84,2.08907
-80,84,2.09258
-78,84,2.09605
-76,84,2.09946
-74,84,2.10279
-72,84,2.10604
-70,84,2.10917
-68,84,2.11219
-66,84,2.11507
-64,84,2.1178
-62,84,2.12037
-60,84,2.12276
-58,84,2.12497
-56,84,2.12697
-54,84,2.12876
-52,84,2.13032
-50,84,2.13165
-48,84,2.13273
-46,84,2.13356
-44,84,2.13412
-42,84,2.13442
-40,84,2.13443
-38,84,2.13417
-36,84,2.13363
-34,84,2.13281
-32,84,2.1317
-30,84,2.13032
-28,84,2.12866
-26,84,2.12673
-24,84,2.12454
-22,84,2.1221
-20,84,2.11942
-18,84,2.11651
-16,84,2.11339
-14,84,2.11007
-12,84,2.10656
-10,84,2.1029
-8,84,2.09909
-6,84,2.09515
-4,84,2.09111
-2,84,2.08699
0,84,2.08282
2,84,2.07861
4,84,2.07438
6,84,2.07018
8,84,2.06601
10,84,2.06191
12,84,2.0579
14,84,2.05401
16,84,2.05026
18,84,2.04668
20,84,2.04329
22,84,2.04011
24,84,2.03717
26,84,2.03449
28,84,2.03208
30,84,2.02997
32,84,2.02816
34,84,2.02668
36,84,2.02552
38,84,2.0247
40,84,2.02422
42,84,2.02409
44,84,2.02429
46,84,2.02484
48,84,2.02571
50,84,2.02691
52,84,2.02842
54,84,2.03022
56,84,2.03229
58,84,2.03463
60,84,2.0372
62,84,2.03999
64,84,2.04297
66,84,2.04612
68,84,2.04941
70,84,2.05282
72,84,2.05632
74,84,2.05989
76,84,2.0635
78,84,2.06713
80,84,2.07075
82,84,2.07434
84,84,2.07789
86,84,2.08136
88,84,2.08476
90,84,2.08805
92,84,2.09123
94,84,2.09427
96,84,2.09718
98,84,2.09994
100,84,2.10253
102,84,2.10496
104,84,2.10722
106,84,2.10931
108,84,2.11121
110,84,2.11293
112,84,2.11446
114,84,2.11581
116,84,2.11697
118,84,2.11795
120,84,2.11874
122,84,2.11934
124,84,2.11975
126,84,2.11999
128,84,2.12004
130,84,2.11991
132,84,2.1196
134,84,2.11912
136,84,2.11847
138,84,2.11764
140,84,2.11665
142,84,2.1155
144,84,2.11419
146,84,2.11272
148,84,2.11111
150,84,2.10935
152,84,2.10746
154,84,2.10543
156,84,2.10328
158,84,2.10102
160,84,2.09865
162,84,2.09619
164,84,2.09364
166,84,2.09101
168,84,2.08832
170,84,2.08557
172,84,2.08278
174,84,2.07996
176,84,2.07711
178,84,2.07427
180,84,2.07143
-180,86,2.11288
-178,86,2.11002
-176,86,2.10719
-174,86,2.1044
-172,86,2.10167
-170,86,2.099
-168,86,2.09641
-166,86,2.09391
-164,86,2.0915
-162,86,2.0892
-160,86,2.08701
-158,86,2.08494
-156,86,2.083
-154,86,2.08119
-152,86,2.07953
-150,86,2.07801
-148,86,2.07665
-146,86,2.07545
-144,86,2.07441
-142,86,2.07354
-140,86,2.07284
-138,86,2.07233
-136,86,2.07201
-134,86,2.07187
-132,86,2.07193
-130,86,2.07219
-128,86,2.07265
-126,86,2.07331
-124,86,2.07419
-122,86,2.07527
-120,86,2.07656
-118,86,2.07805
-116,86,2.07975
-114,86,2.08164
-112,86,2.08373
-110,86,2.086
-108,86,2.08845
-106,86,2.09107
-104,86,2.09384
-102,86,2.09675
-100,86,2.09979
-98,86,2.10295
-96,86,2.1062
-94,86,2.10954
-92,86,2.11294
-90,86,2.11639
-88,86,2.11988
-86,86,2.12338
-84,86,2.12688
-82,86,2.13037
-80,86,2.13382
-78,86,2.13722
-76,86,2.14055
-74,86,2.14381
-72,86,2.14696
-70,86,2.15001
-68,86,2.15294
-66,86,2.15573
-64,86,2.15837
-62,86,2.16084
-60,86,2.16314
-58,86,2.16524
-56,86,2.16715
-54,86,2.16884
-52,86,2.17031
-50,86,2.17155
-48,86,2.17254
-46,86,2.17329
-44,86,2.17377
-42,86,2.17399
-40,86,2.17394
-38,86,2.17361
-36,86,2.17301
-34,86,2.17213
-32,86,2.17098
-30,86,2.16955
-28,86,2.16786
-26,86,2.16591
-24,86,2.1637
-22,86,2.16125
-20,86,2.15857
-18,86,2.15567
-16,86,2.15256
-14,86,2.14926
-12,86,2.14579
-10,86,2.14216
-8,86,2.13839
-6,86,2.1345
-4,86,2.13052
-2,86,2.12646
0,86,2.12235
2,86,2.11821
4,86,2.11406
6,86,2.10993
8,86,2.10584
10,86,2.10182
12,86,2.09788
14,86,2.09407
16,86,2.09039
18,86,2.08689
20,86,2.08356
22,86,2.08045
24,86,2.07758
26,86,2.07495
28,86,2.07259
30,86,2.07053
32,86,2.06876
34,86,2.0673
36,86,2.06617
38,86,2.06537
40,86,2.0649
42,86,2.06476
44,86,2.06496
46,86,2.0655
48,86,2.06635
50,86,2.06752
52,86,2.069
54,86,2.07076
56,86,2.0728
58,86,2.0751
60,86,2.07762
62,86,2.08037
64,86,2.0833
66,86,2.0864
68,86,2.08965
70,86,2.09301
72,86,2.09647
74,86,2.1
76,86,2.10357
78,86,2.10717
80,86,2.11077
82,86,2.11435
84,86,2.11788
86,86,2.12136
88,86,2.12476
90,86,2.12806
92,86,2.13126
94,86,2.13433
96,86,2.13727
98,86,2.14007
100,86,2.14272
102,86,2.1452
104,86,2.14752
106,86,2.14967
108,86,2.15165
110,86,2.15344
112,86,2.15506
114,86,2.15649
116,86,2.15773
118,86,2.15879
120,86,2.15966
122,86,2.16035
124,86,2.16085
126,86,2.16117
128,86,2.1613
130,86,2.16125
132,86,2.16101
134,86,2.1606
136,86,2.16
138,86,2.15924
140,86,2.1583
142,86,2.15719
144,86,2.15591
146,86,2.15448
148,86,2.15289
150,86,2.15114
152,86,2.14926
154,86,2.14724
156,86,2.14509
158,86,2.14282
160,86,2.14044
162,86,2.13795
164,86,2.13538
166,86,2.13272
168,86,2.13
170,86,2.12721
172,86,2.12439
174,86,2.12153
176,86,2.11865
178,86,2.11576
180,86,2.11288
-180,88,2.13816
-178,88,2.13526
-176,88,2.1324
-174,88,2.12957
-172,88,2.12681
-170,88,2.12411
-168,88,2.12149
-166,88,2.11896
-164,88,2.11653
-162,88,2.11421
-160,88,2.112
-158,88,2.10992
-156,88,2.10797
-154,88,2.10616
-152,88,2.1045
-150,88,2.10298
-148,88,2.10162
-146,88,2.10043
-144,88,2.0994
-142,88,2.09854
-140,88,2.09786
-138,88,2.09736
-136,88,2.09705
-134,88,2.09694
-132,88,2.09702
-130,88,2.0973
-128,88,2.09778
-126,88,2.09847
-124,88,2.09936
-122,88,2.10046
-120,88,2.10176
-118,88,2.10327
-116,88,2.10498
-114,88,2.10689
-112,88,2.10898
-110,88,2.11126
-108,88,2.11371
-106,88,2.11632
-104,88,2.11909
-102,88,2.12199
-100,88,2.12501
-98,88,2.12814
-96,88,2.13137
-94,88,2.13467
-92,88,2.13803
-90,88,2.14144
-88,88,2.14488
-86,88,2.14832
-84,88,2.15176
-82,88,2.15517
-80,88,2.15855
-78,88,2.16187
-76,88,2.16513
-74,88,2.16829
-72,88,2.17136
-70,88,2.17432
-68,88,2.17715
-66,88,2.17985
-64,88,2.18239
-62,88,2.18476
-60,88,2.18696
-58,88,2.18897
-56,88,2.19079
-54,88,2.19239
-52,88,2.19377
-50,88,2.19492
-48,88,2.19583
-46,88,2.19649
-44,88,2.1969
-42,88,2.19705
-40,88,2.19694
-38,88,2.19656
-36,88,2.19591
-34,88,2.19499
-32,88,2.1938
-30,88,2.19235
-28,88,2.19064
-26,88,2.18868
-24,88,2.18647
-22,88,2.18403
-20,88,2.18136
-18,88,2.17848
-16,88,2.1754
-14,88,2.17214
-12,88,2.16871
-10,88,2.16514
-8,88,2.16143
-6,88,2.15761
-4,88,2.1537
-2,88,2.14971
0,88,2.14568
2,88,2.14163
4,88,2.13756
6,88,2.13352
8,88,2.12952
10,88,2.12559
12,88,2.12175
14,88,2.11802
16,88,2.11444
18,88,2.11101
20,88,2.10777
22,88,2.10474
24,88,2.10193
26,88,2.09937
28,88,2.09708
30,88,2.09506
32,88,2.09334
34,88,2.09192
36,88,2.09082
38,88,2.09004
40,88,2.08958
42,88,2.08945
44,88,2.08965
46,88,2.09017
48,88,2.09101
50,88,2.09216
52,88,2.0936
54,88,2.09533
56,88,2.09733
58,88,2.09958
60,88,2.10206
62,88,2.10475
64,88,2.10763
66,88,2.11068
68,88,2.11387
70,88,2.11719
72,88,2.1206
74,88,2.12409
76,88,2.12762
78,88,2.13119
80,88,2.13475
82,88,2.13831
84,88,2.14183
86,88,2.1453
88,88,2.14869
90,88,2.152
92,88,2.15521
94,88,2.15831
96,88,2.16128
98,88,2.16411
100,88,2.1668
102,88,2.16933
104,88,2.17171
106,88,2.17392
108,88,2.17596
110,88,2.17783
112,88,2.17951
114,88,2.18102
116,88,2.18235
118,88,2.18349
120,88,2.18444
122,88,2.18521
124,88,2.18579
126,88,2.18618
128,88,2.18639
130,88,2.18641
132,88,2.18624
134,88,2.18589
136,88,2.18536
138,88,2.18464
140,88,2.18375
142,88,2.18268
144,88,2.18144
146,88,2.18004
148,88,2.17847
150,88,2.17675
152,88,2.17487
154,88,2.17286
156,88,2.1707
158,88,2.16843
160,88,2.16603
162,88,2.16353
164,88,2.16093
166,88,2.15825
168,88,2.1555
170,88,2.15268
172,88,2.14982
174,88,2.14692
176,88,2.14401
178,88,2.14108
180,88,2.13816
-180,90,2.14729
-178,90,2.14436
-176,90,2.14145
-174,90,2.1386
-172,90,2.1358
-170,90,2.13307
-168,90,2.13042
-166,90,2.12786
-164,90,2.12541
-162,90,2.12307
-160,90,2.12084
-158,90,2.11874
-156,90,2.11678
-154,90,2.11496
-152,90,2.11328
-150,90,2.11176
-148,90,2.1104
-146,90,2.10921
-144,90,2.10818
-142,90,2.10733
-140,90,2.10666
-138,90,2.10617
-136,90,2.10587
-134,90,2.10577
-132,90,2.10586
-130,90,2.10615
-128,90,2.10665
-126,90,2.10735
-124,90,2.10825
-122,90,2.10936
-120,90,2.11068
-118,90,2.11219
-116,90,2.11391
-114,90,2.11582
-112,90,2.11791
-110,90,2.12018
-108,90,2.12262
-106,90,2.12522
-104,90,2.12797
-102,90,2.13084
-100,90,2.13384
-98,90,2.13694
-96,90,2.14012
-94,90,2.14338
-92,90,2.14669
-90,90,2.15004
-88,90,2.15341
-86,90,2.15679
-84,90,2.16015
-82,90,2.16349
-80,90,2.16679
-78,90,2.17002
-76,90,2.17319
-74,90,2.17626
-72,90,2.17924
-70,90,2.1821
-68,90,2.18483
-66,90,2.18743
-64,90,2.18987
-62,90,2.19214
-60,90,2.19425
-58,90,2.19616
-56,90,2.19788
-54,90,2.19939
-52,90,2.20069
-50,90,2.20175
-48,90,2.20259
-46,90,2.20318
-44,90,2.20353
-42,90,2.20362
-40,90,2.20345
-38,90,2.20303
-36,90,2.20234
-34,90,2.2014
-32,90,2.20019
-30,90,2.19873
-28,90,2.19701
-26,90,2.19506
-24,90,2.19286
-22,90,2.19044
-20,90,2.1878
-18,90,2.18496
-16,90,2.18193
-14,90,2.17872
-12,90,2.17536
-10,90,2.17185
-8,90,2.16822
-6,90,2.16448
-4,90,2.16065
-2,90,2.15676
0,90,2.15282
2,90,2.14887
4,90,2.1449
6,90,2.14096
8,90,2.13707
10,90,2.13324
12,90,2.1295
14,90,2.12588
16,90,2.12239
18,90,2.11906
20,90,2.11592
22,90,2.11297
24,90,2.11024
26,90,2.10776
28,90,2.10553
30,90,2.10357
32,90,2.1019
34,90,2.10053
36,90,2.09946
38,90,2.0987
40,90,2.09827
42,90,2.09815
44,90,2.09835
46,90,2.09886
48,90,2.09968
50,90,2.10081
52,90,2.10222
54,90,2.10391
56,90,2.10587
58,90,2.10807
60,90,2.1105
62,90,2.11314
64,90,2.11597
66,90,2.11896
68,90,2.1221
70,90,2.12536
72,90,2.12872
74,90,2.13216
76,90,2.13565
78,90,2.13917
80,90,2.14271
82,90,2.14623
84,90,2.14973
86,90,2.15318
88,90,2.15657
90,90,2.15988
92,90,2.1631
94,90,2.16621
96,90,2.1692
98,90,2.17206
100,90,2.17479
102,90,2.17737
104,90,2.17979
106,90,2.18206
108,90,2.18416
110,90,2.18609
112,90,2.18785
114,90,2.18943
116,90,2.19083
118,90,2.19204
120,90,2.19307
122,90,2.19391
124,90,2.19457
126,90,2.19504
128,90,2.19532
130,90,2.1954
132,90,2.1953
134,90,2.19501
136,90,2.19454
138,90,2.19387
140,90,2.19303
142,90,2.192
144,90,2.19079
146,90,2.18942
148,90,2.18787
150,90,2.18617
152,90,2.1843
154,90,2.18229
156,90,2.18014
158,90,2.17786
160,90,2.17545
162,90,2.17293
164,90,2.17032
166,90,2.16761
168,90,2.16483
170,90,2.16198
172,90,2.15909
174,90,2.15616
176,90,2.15321
178,90,2.15025
180,90,2.14729
-180,92,2.14028
-178,92,2.13731
-176,92,2.13438
-174,92,2.13148
-172,92,2.12865
-170,92,2.12589
-168,92,2.12321
-166,92,2.12063
-164,92,2.11815
-162,92,2.11578
-160,92,2.11353
-158,92,2.11141
-156,92,2.10943
-154,92,2.1076
-152,92,2.10591
-150,92,2.10438
-148,92,2.10301
-146,92,2.10181
-144,92,2.10078
-142,92,2.09992
-140,92,2.09925
-138,92,2.09877
-136,92,2.09847
-134,92,2.09837
-132,92,2.09847
-130,92,2.09877
-128,92,2.09927
-126,92,2.09997
-124,92,2.10088
-122,92,2.10199
-120,92,2.10331
-118,92,2.10482
-116,92,2.10654
-114,92,2.10843
-112,92,2.11052
-110,92,2.11277
-108,92,2.11519
-106,92,2.11777
-104,92,2.12048
-102,92,2.12332
-100,92,2.12628
-98,92,2.12933
-96,92,2.13246
-94,92,2.13566
-92,92,2.13891
-90,92,2.1422
-88,92,2.14549
-86,92,2.14879
-84,92,2.15208
-82,92,2.15533
-80,92,2.15853
-78,92,2.16167
-76,92,2.16474
-74,92,2.16771
-72,92,2.17059
-70,92,2.17335
-68,92,2.17598
-66,92,2.17847
-64,92,2.18081
-62,92,2.18298
-60,92,2.18499
-58,92,2.18681
-56,92,2.18844
-54,92,2.18986
-52,92,2.19107
-50,92,2.19207
-48,92,2.19283
-46,92,2.19336
-44,92,2.19365
-42,92,2.19369
-40,92,2.19349
-38,92,2.19303
-36,92,2.19232
-34,92,2.19136
-32,92,2.19014
-30,92,2.18868
-28,92,2.18698
-26,92,2.18504
-24,92,2.18288
-22,92,2.18049
-20,92,2.1779
-18,92,2.17512
-16,92,2.17215
-14,92,2.16901
-12,92,2.16572
-10,92,2.1623
-8,92,2.15876
-6,92,2.15512
-4,92,2.15139
-2,92,2.14761
0,92,2.14378
2,92,2.13993
4,92,2.13608
6,92,2.13226
8,92,2.12848
10,92,2.12477
12,92,2.12114
14,92,2.11763
16,92,2.11425
18,92,2.11103
20,92,2.10798
22,92,2.10513
24,92,2.10249
26,92,2.10009
28,92,2.09794
30,92,2.09605
32,92,2.09443
34,92,2.09311
36,92,2.09208
38,92,2.09136
40,92,2.09094
42,92,2.09083
44,92,2.09103
46,92,2.09154
48,92,2.09235
50,92,2.09345
52,92,2.09484
54,92,2.09649
56,92,2.0984
58,92,2.10056
60,92,2.10294
62,92,2.10552
64,92,2.10829
66,92,2.11123
68,92,2.11431
70,92,2.11752
72,92,2.12082
74,92,2.12421
76,92,2.12765
78,92,2.13113
80,92,2.13463
82,92,2.13812
84,92,2.14159
86,92,2.14502
88,92,2.1484
90,92,2.1517
92,92,2.15492
94,92,2.15804
96,92,2.16105
98,92,2.16394
100,92,2.16669
102,92,2.16931
104,92,2.17178
106,92,2.1741
108,92,2.17625
110,92,2.17824
112,92,2.18006
114,92,2.18171
116,92,2.18317
118,92,2.18446
120,92,2.18556
122,92,2.18647
124,92,2.1872
126,92,2.18773
128,92,2.18808
130,92,2.18823
132,92,2.18819
134,92,2.18796
136,92,2.18754
138,92,2.18692
140,92,2.18612
142,92,2.18513
144,92,2.18396
146,92,2.18261
148,92,2.18109
150,92,2.1794
152,92,2.17755
154,92,2.17554
156,92,2.17339
158,92,2.17111
160,92,2.16869
162,92,2.16616
164,92,2.16353
166,92,2.16081
168,92,2.158
170,92,2.15513
172,92,2.15221
174,92,2.14925
176,92,2.14626
178,92,2.14327
180,92,2.14028
-180,94,2.11713
-178,94,2.11413
-176,94,2.11116
-174,94,2.10824
-172,94,2.10538
-170,94,2.10259
-168,94,2.09988
-166,94,2.09726
-164,94,2.09475
-162,94,2.09236
-160,94,2.09008
-158,94,2.08794
-156,94,2.08594
-154,94,2.08408
-152,94,2.08238
-150,94,2.08083
-148,94,2.07945
-146,94,2.07823
-144,94,2.07719
-142,94,2.07633
-140,94,2.07565
-138,94,2.07516
-136,94,2.07487
-134,94,2.07476
-132,94,2.07486
-130,94,2.07515
-128,94,2.07565
-126,94,2.07635
-124,94,2.07725
-122,94,2.07836
-120,94,2.07967
-118,94,2.08117
-116,94,2.08286
-114,94,2.08475
-112,94,2.08681
-110,94,2.08904
-108,94,2.09142
-106,94,2.09396
-104,94,2.09663
-102,94,2.09943
-100,94,2.10233
-98,94,2.10532
-96,94,2.1084
-94,94,2.11153
-92,94,2.1147
-90,94,2.1179
-88,94,2.12112
-86,94,2.12433
-84,94,2.12752
-82,94,2.13067
-80,94,2.13378
-78,94,2.13681
-76,94,2.13978
-74,94,2.14265
-72,94,2.14541
-70,94,2.14806
-68,94,2.15059
-66,94,2.15297
-64,94,2.15521
-62,94,2.15729
-60,94,2.15919
-58,94,2.16092
-56,94,2.16246
-54,94,2.1638
-52,94,2.16494
-50,94,2.16586
-48,94,2.16656
-46,94,2.16704
-44,94,2.16728
-42,94,2.16728
-40,94,2.16705
-38,94,2.16657
-36,94,2.16584
-34,94,2.16488
-32,94,2.16367
-30,94,2.16223
-28,94,2.16055
-26,94,2.15865
-24,94,2.15653
-22,94,2.1542
-20,94,2.15167
-18,94,2.14895
-16,94,2.14606
-14,94,2.14301
-12,94,2.13982
-10,94,2.13649
-8,94,2.13305
-6,94,2.12952
-4,94,2.12591
-2,94,2.12225
0,94,2.11854
2,94,2.11482
4,94,2.1111
6,94,2.1074
8,94,2.10375
10,94,2.10016
12,94,2.09666
14,94,2.09327
16,94,2.09001
18,94,2.0869
20,94,2.08396
22,94,2.08121
24,94,2.07867
26,94,2.07635
28,94,2.07428
30,94,2.07246
32,94,2.07091
34,94,2.06964
36,94,2.06865
38,94,2.06796
40,94,2.06757
42,94,2.06748
44,94,2.06769
46,94,2.06819
48,94,2.06899
50,94,2.07007
52,94,2.07142
54,94,2.07304
56,94,2.07492
58,94,2.07702
60,94,2.07935
62,94,2.08188
64,94,2.0846
66,94,2.08747
68,94,2.0905
70,94,2.09364
72,94,2.09689
74,94,2.10022
76,94,2.10361
78,94,2.10705
80,94,2.1105
82,94,2.11396
84,94,2.1174
86,94,2.12081
88,94,2.12417
90,94,2.12746
92,94,2.13068
94,94,2.1338
96,94,2.13682
98,94,2.13973
100,94,2.14251
102,94,2.14516
104,94,2.14767
106,94,2.15003
108,94,2.15223
110,94,2.15427
112,94,2.15615
114,94,2.15785
116,94,2.15938
118,94,2.16073
120,94,2.1619
122,94,2.16288
124,94,2.16367
126,94,2.16427
128,94,2.16467
130,94,2.16489
132,94,2.1649
134,94,2.16473
136,94,2.16435
138,94,2.16379
140,94,2.16303
142,94,2.16208
144,94,2.16094
146,94,2.15962
148,94,2.15812
150,94,2.15645
152,94,2.15461
154,94,2.15261
156,94,2.15047
158,94,2.14818
160,94,2.14576
162,94,2.14322
164,94,2.14058
166,94,2.13784
168,94,2.13501
170,94,2.13212
172,94,2.12917
174,94,2.12619
176,94,2.12317
178,94,2.12015
180,94,2.11713
-180,96,2.07784
-178,96,2.07481
-176,96,2.07182
-174,96,2.06886
-172,96,2.06597
-170,96,2.06315
-168,96,2.06041
-166,96,2.05777
-164,96,2.05523
-162,96,2.0528
-160,96,2.0505
-158,96,2.04834
-156,96,2.04631
-154,96,2.04443
-152,96,2.0427
-150,96,2.04113
-148,96,2.03973
-146,96,2.0385
-144,96,2.03744
-142,96,2.03656
-140,96,2.03587
-138,96,2.03537
-136,96,2.03506
-134,96,2.03494
-132,96,2.03502
-130,96,2.03531
-128,96,2.03579
-126,96,2.03648
-124,96,2.03737
-122,96,2.03846
-120,96,2.03975
-118,96,2.04123
-116,96,2.0429
-114,96,2.04475
-112,96,2.04678
-110,96,2.04897
-108,96,2.05131
-106,96,2.0538
-104,96,2.05642
-102,96,2.05916
-100,96,2.062
-98,96,2.06492
-96,96,2.06791
-94,96,2.07096
-92,96,2.07405
-90,96,2.07717
-88,96,2.08028
-86,96,2.08339
-84,96,2.08648
-82,96,2.08953
-80,96,2.09252
-78,96,2.09545
-76,96,2.0983
-74,96,2.10106
-72,96,2.10371
-70,96,2.10625
-68,96,2.10867
-66,96,2.11094
-64,96,2.11308
-62,96,2.11505
-60,96,2.11686
-58,96,2.1185
-56,96,2.11995
-54,96,2.12121
-52,96,2.12228
-50,96,2.12314
-48,96,2.12378
-46,96,2.12421
-44,96,2.12441
-42,96,2.12438
-40,96,2.12413
-38,96,2.12364
-36,96,2.12292
-34,96,2.12196
-32,96,2.12077
-30,96,2.11936
-28,96,2.11772
-26,96,2.11587
-24,96,2.11381
-22,96,2.11155
-20,96,2.10909
-18,96,2.10646
-16,96,2.10367
-14,96,2.10072
-12,96,2.09763
-10,96,2.09442
-8,96,2.0911
-6,96,2.08769
-4,96,2.08421
-2,96,2.08068
0,96,2.0771
2,96,2.07352
4,96,2.06993
6,96,2.06637
8,96,2.06286
10,96,2.0594
12,96,2.05604
14,96,2.05278
16,96,2.04964
18,96,2.04665
20,96,2.04382
22,96,2.04118
24,96,2.03874
26,96,2.03652
28,96,2.03453
30,96,2.03279
32,96,2.0313
34,96,2.03009
36,96,2.02915
38,96,2.0285
40,96,2.02813
42,96,2.02806
44,96,2.02827
46,96,2.02878
48,96,2.02956
50,96,2.03063
52,96,2.03195
54,96,2.03354
56,96,2.03537
58,96,2.03743
60,96,2.03971
62,96,2.04219
64,96,2.04485
66,96,2.04767
68,96,2.05063
70,96,2.05372
72,96,2.05691
74,96,2.06018
76,96,2.06352
78,96,2.06691
80,96,2.07032
82,96,2.07373
84,96,2.07714
86,96,2.08052
88,96,2.08386
90,96,2.08714
92,96,2.09035
94,96,2.09347
96,96,2.0965
98,96,2.09942
100,96,2.10223
102,96,2.1049
104,96,2.10744
106,96,2.10984
108,96,2.11208
110,96,2.11417
112,96,2.1161
114,96,2.11786
116,96,2.11944
118,96,2.12085
120,96,2.12208
122,96,2.12312
124,96,2.12397
126,96,2.12463
128,96,2.12509
130,96,2.12536
132,96,2.12543
134,96,2.1253
136,96,2.12498
138,96,2.12445
140,96,2.12373
142,96,2.12282
144,96,2.12172
146,96,2.12042
148,96,2.11895
150,96,2.1173
152,96,2.11547
154,96,2.11349
156,96,2.11135
158,96,2.10906
160,96,2.10664
162,96,2.1041
164,96,2.10145
166,96,2.09869
168,96,2.09586
170,96,2.09295
172,96,2.08998
174,96,2.08697
176,96,2.08394
178,96,2.08089
180,96,2.07784
-180,98,2.0224
-178,98,2.01934
-176,98,2.01632
-174,98,2.01334
-172,98,2.01042
-170,98,2.00757
-168,98,2.00481
-166,98,2.00213
-164,98,1.99957
-162,98,1.99711
-160,98,1.99478
-158,98,1.99259
-156,98,1.99053
-154,98,1.98862
-152,98,1.98687
-150,98,1.98527
-148,98,1.98385
-146,98,1.98259
-144,98,1.98151
-142,98,1.98061
-140,98,1.9799
-138,98,1.97938
-136,98,1.97905
-134,98,1.97891
-132,98,1.97898
-130,98,1.97924
-128,98,1.9797
-126,98,1.98037
-124,98,1.98123
-122,98,1.9823
-120,98,1.98355
-118,98,1.985
-116,98,1.98664
-114,98,1.98845
-112,98,1.99043
-110,98,1.99257
-108,98,1.99486
-106,98,1.99729
-104,98,1.99984
-102,98,2.00251
-100,98,2.00527
-98,98,2.00811
-96,98,2.01101
-94,98,2.01397
-92,98,2.01696
-90,98,2.01997
-88,98,2.02299
-86,98,2.02599
-84,98,2.02896
-82,98,2.03189
-80,98,2.03477
-78,98,2.03758
-76,98,2.04031
-74,98,2.04295
-72,98,2.04549
-70,98,2.04791
-68,98,2.05021
-66,98,2.05238
-64,98,2.05441
-62,98,2.05628
-60,98,2.05799
-58,98,2.05954
-56,98,2.06091
-54,98,2.0621
-52,98,2.06309
-50,98,2.06389
-48,98,2.06449
-46,98,2.06487
-44,98,2.06505
-42,98,2.065
-40,98,2.06473
-38,98,2.06425
-36,98,2.06353
-34,98,2.0626
-32,98,2.06145
-30,98,2.06008
-28,98,2.05849
-26,98,2.0567
-24,98,2.05472
-22,98,2.05254
-20,98,2.05018
-18,98,2.04764
-16,98,2.04495
-14,98,2.04212
-12,98,2.03915
-10,98,2.03607
-8,98,2.03288
-6,98,2.02961
-4,98,2.02627
-2,98,2.02287
0,98,2.01945
2,98,2.01601
4,98,2.01257
6,98,2.00916
8,98,2.00578
10,98,2.00247
12,98,1.99925
14,98,1.99612
16,98,1.99312
18,98,1.99025
20,98,1.98755
22,98,1.98502
24,98,1.98268
26,98,1.98056
28,98,1.97866
30,98,1.97699
32,98,1.97558
34,98,1.97443
36,98,1.97354
38,98,1.97293
40,98,1.97259
42,98,1.97254
44,98,1.97276
46,98,1.97327
48,98,1.97404
50,98,1.97509
52,98,1.97639
54,98,1.97795
56,98,1.97974
58,98,1.98176
60,98,1.98398
62,98,1.98641
64,98,1.98901
66,98,1.99177
68,98,1.99467
70,98,1.9977
72,98,2.00084
74,98,2.00406
76,98,2.00734
78,98,2.01068
80,98,2.01404
82,98,2.01742
84,98,2.02079
86,98,2.02414
88,98,2.02746
90,98,2.03072
92,98,2.03392
94,98,2.03704
96,98,2.04007
98,98,2.043
100,98,2.04582
102,98,2.04852
104,98,2.05108
106,98,2.05351
108,98,2.0558
110,98,2.05793
112,98,2.0599
114,98,2.06171
116,98,2.06334
118,98,2.0648
120,98,2.06608
122,98,2.06717
124,98,2.06808
126,98,2.06879
128,98,2.06931
130,98,2.06963
132,98,2.06975
134,98,2.06967
136,98,2.06939
138,98,2.06891
140,98,2.06823
142,98,2.06735
144,98,2.06627
146,98,2.06501
148,98,2.06356
150,98,2.06193
152,98,2.06012
154,98,2.05815
156,98,2.05602
158,98,2.05374
160,98,2.05133
162,98,2.04878
164,98,2.04612
166,98,2.04336
168,98,2.04052
170,98,2.0376
172,98,2.03461
174,98,2.03159
176,98,2.02853
178,98,2.02547
180,98,2.0224
-180,100,1.95078
-178,100,1.94771
-176,100,1.94466
-174,100,1.94166
-172,100,1.93872
-170,100,1.93584
-168,100,1.93305
-166,100,1.93035
-164,100,1.92775
-162,100,1.92527
-160,100,1.92291
-158,100,1.92068
-156,100,1.9186
-154,100,1.91666
-152,100,1.91487
-150,100,1.91325
-148,100,1.91179
-146,100,1.91051
-144,100,1.9094
-142,100,1.90848
-140,100,1.90774
-138,100,1.90719
-136,100,1.90683
-134,100,1.90667
-132,100,1.9067
-130,100,1.90694
-128,100,1.90737
-126,100,1.908
-124,100,1.90883
-122,100,1.90986
-120,100,1.91108
-118,100,1.91248
-116,100,1.91407
-114,100,1.91583
-112,100,1.91775
-110,100,1.91983
-108,100,1.92205
-106,100,1.92441
-104,100,1.92688
-102,100,1.92946
-100,100,1.93213
-98,100,1.93488
-96,100,1.93769
-94,100,1.94054
-92,100,1.94342
-90,100,1.94632
-88,100,1.94921
-86,100,1.95209
-84,100,1.95495
-82,100,1.95776
-80,100,1.96051
-78,100,1.96319
-76,100,1.9658
-74,100,1.96832
-72,100,1.97073
-70,100,1.97304
-68,100,1.97522
-66,100,1.97728
-64,100,1.97919
-62,100,1.98097
-60,100,1.98259
-58,100,1.98405
-56,100,1.98534
-54,100,1.98645
-52,100,1.98739
-50,100,1.98813
-48,100,1.98868
-46,100,1.98904
-44,100,1.98919
-42,100,1.98913
-40,100,1.98886
-38,100,1.98838
-36,100,1.9877
-34,100,1.9868
-32,100,1.98569
-30,100,1.98437
-28,100,1.98285
-26,100,1.98114
-24,100,1.97924
-22,100,1.97715
-20,100,1.9749
-18,100,1.97248
-16,100,1.96991
-14,100,1.9672
-12,100,1.96436
-10,100,1.96142
-8,100,1.95838
-6,100,1.95525
-4,100,1.95206
-2,100,1.94882
0,100,1.94555
2,100,1.94226
4,100,1.93898
6,100,1.93572
8,100,1.9325
10,100,1.92934
12,100,1.92626
14,100,1.92327
16,100,1.9204
18,100,1.91767
20,100,1.91509
22,100,1.91268
24,100,1.91045
26,100,1.90843
28,100,1.90662
30,100,1.90504
32,100,1.9037
34,100,1.9026
36,100,1.90177
38,100,1.9012
40,100,1.9009
42,100,1.90086
44,100,1.9011
46,100,1.90161
48,100,1.90238
50,100,1.90341
52,100,1.90469
54,100,1.90621
56,100,1.90797
58,100,1.90994
60,100,1.91212
62,100,1.9145
64,100,1.91704
66,100,1.91975
68,100,1.92259
70,100,1.92557
72,100,1.92864
74,100,1.9318
76,100,1.93504
78,100,1.93832
80,100,1.94164
82,100,1.94498
84,100,1.94831
86,100,1.95163
88,100,1.95492
90,100,1.95817
92,100,1.96135
94,100,1.96447
96,100,1.9675
98,100,1.97043
100,100,1.97326
102,100,1.97598
104,100,1.97857
106,100,1.98102
108,100,1.98334
110,100,1.9855
112,100,1.98752
114,100,1.98936
116,100,1.99105
118,100,1.99255
120,100,1.99388
122,100,1.99502
124,100,1.99598
126,100,1.99674
128,100,1.9973
130,100,1.99767
132,100,1.99784
134,100,1.9978
136,100,1.99756
138,100,1.99712
140,100,1.99648
142,100,1.99563
144,100,1.99459
146,100,1.99336
148,100,1.99193
150,100,1.99032
152,100,1.98854
154,100,1.98658
156,100,1.98446
158,100,1.98219
160,100,1.97978
162,100,1.97724
164,100,1.97459
166,100,1.97182
168,100,1.96897
170,100,1.96604
172,100,1.96305
174,100,1.96002
176,100,1.95695
178,100,1.95386
180,100,1.95078
-180,102,1.86295
-178,102,1.85986
-176,102,1.8568
-174,102,1.85378
-172,102,1.85082
-170,102,1.84792
-168,102,1.8451
-166,102,1.84238
-164,102,1.83975
-162,102,1.83724
-160,102,1.83485
-158,102,1.8326
-156,102,1.83048
-154,102,1.82851
-152,102,1.8267
-150,102,1.82504
-148,102,1.82355
-146,102,1.82224
-144,102,1.8211
-142,102,1.82014
-140,102,1.81936
-138,102,1.81878
-136,102,1.81839
-134,102,1.81819
-132,102,1.81819
-130,102,1.81839
-128,102,1.81878
-126,102,1.81938
-124,102,1.82016
-122,102,1.82114
-120,102,1.82231
-118,102,1.82366
-116,102,1.82518
-114,102,1.82688
-112,102,1.82873
-110,102,1.83074
-108,102,1.83288
-106,102,1.83515
-104,102,1.83753
-102,102,1.84002
-100,102,1.84258
-98,102,1.84522
-96,102,1.84792
-94,102,1.85066
-92,102,1.85342
-90,102,1.85619
-88,102,1.85896
-86,102,1.86171
-84,102,1.86443
-82,102,1.86711
-80,102,1.86973
-78,102,1.87228
-76,102,1.87476
-74,102,1.87715
-72,102,1.87944
-70,102,1.88162
-68,102,1.88368
-66,102,1.88563
-64,102,1.88744
-62,102,1.88911
-60,102,1.89064
-58,102,1.89201
-56,102,1.89322
-54,102,1.89427
-52,102,1.89515
-50,102,1.89584
-48,102,1.89636
-46,102,1.89668
-44,102,1.89682
-42,102,1.89676
-40,102,1.8965
-38,102,1.89604
-36,102,1.89539
-34,102,1.89453
-32,102,1.89348
-30,102,1.89223
-28,102,1.89079
-26,102,1.88916
-24,102,1.88736
-22,102,1.88538
-20,102,1.88324
-18,102,1.88094
-16,102,1.8785
-14,102,1.87593
-12,102,1.87324
-10,102,1.87045
-8,102,1.86756
-6,102,1.86459
-4,102,1.86156
-2,102,1.85848
0,102,1.85537
2,102,1.85224
4,102,1.84912
6,102,1.84602
8,102,1.84296
10,102,1.83996
12,102,1.83702
14,102,1.83419
16,102,1.83146
18,102,1.82886
20,102,1.82641
22,102,1.82411
24,102,1.822
26,102,1.82008
28,102,1.81836
30,102,1.81687
32,102,1.8156
34,102,1.81457
36,102,1.81379
38,102,1.81327
40,102,1.813
42,102,1.81299
44,102,1.81324
46,102,1.81375
48,102,1.81452
50,102,1.81554
52,102,1.8168
54,102,1.81829
56,102,1.82001
58,102,1.82195
60,102,1.82408
62,102,1.8264
64,102,1.8289
66,102,1.83155
68,102,1.83434
70,102,1.83725
72,102,1.84027
74,102,1.84338
76,102,1.84656
78,102,1.8498
80,102,1.85307
82,102,1.85636
84,102,1.85966
86,102,1.86295
88,102,1.86621
90,102,1.86944
92,102,1.87261
94,102,1.87571
96,102,1.87874
98,102,1.88168
100,102,1.88451
102,102,1.88724
104,102,1.88985
106,102,1.89233
108,102,1.89467
110,102,1.89687
112,102,1.89892
114,102,1.9008
116,102,1.90252
118,102,1.90407
120,102,1.90544
122,102,1.90663
124,102,1.90762
126,102,1.90843
128,102,1.90904
130,102,1.90945
132,102,1.90966
134,102,1.90967
136,102,1.90947
138,102,1.90906
140,102,1.90846
142,102,1.90765
144,102,1.90664
146,102,1.90543
148,102,1.90403
150,102,1.90245
152,102,1.90068
154,102,1.89874
156,102,1.89664
158,102,1.89438
160,102,1.89198
162,102,1.88945
164,102,1.8868
166,102,1.88404
168,102,1.88119
170,102,1.87826
172,102,1.87527
174,102,1.87222
176,102,1.86915
178,102,1.86605
180,102,1.86295
-180,104,1.75888
-178,104,1.75578
-176,104,1.75271
-174,104,1.74968
-172,104,1.74669
-170,104,1.74378
-168,104,1.74094
-166,104,1.73819
-164,104,1.73554
-162,104,1.733
-160,104,1.73059
-158,104,1.7283
-156,104,1.72615
-154,104,1.72415
-152,104,1.7223
-150,104,1.72062
-148,104,1.71909
-146,104,1.71774
-144,104,1.71656
-142,104,1.71557
-140,104,1.71476
-138,104,1.71414
-136,104,1.7137
-134,104,1.71347
-132,104,1.71342
-130,104,1.71357
-128,104,1.71392
-126,104,1.71446
-124,104,1.71519
-122,104,1.71611
-120,104,1.71722
-118,104,1.7185
-116,104,1.71996
-114,104,1.72158
-112,104,1.72335
-110,104,1.72527
-108,104,1.72732
-106,104,1.72949
-104,104,1.73177
-102,104,1.73415
-100,104,1.7366
-98,104,1.73912
-96,104,1.74169
-94,104,1.7443
-92,104,1.74693
-90,104,1.74957
-88,104,1.7522
-86,104,1.75482
-84,104,1.7574
-82,104,1.75994
-80,104,1.76242
-78,104,1.76484
-76,104,1.76718
-74,104,1.76943
-72,104,1.77159
-70,104,1.77365
-68,104,1.77559
-66,104,1.77742
-64,104,1.77913
-62,104,1.7807
-60,104,1.78213
-58,104,1.78342
-56,104,1.78456
-54,104,1.78555
-52,104,1.78637
-50,104,1.78702
-48,104,1.7875
-46,104,1.78781
-44,104,1.78794
-42,104,1.78788
-40,104,1.78764
-38,104,1.78721
-36,104,1.78659
-34,104,1.78579
-32,104,1.7848
-30,104,1.78363
-28,104,1.78228
-26,104,1.78075
-24,104,1.77905
-22,104,1.77719
-20,104,1.77517
-18,104,1.77301
-16,104,1.77071
-14,104,1.76829
-12,104,1.76575
-10,104,1.76311
-8,104,1.76038
-6,104,1.75758
-4,104,1.75472
-2,104,1.75181
0,104,1.74886
2,104,1.74591
4,104,1.74296
6,104,1.74002
8,104,1.73712
10,104,1.73428
12,104,1.7315
14,104,1.72881
16,104,1.72623
18,104,1.72377
20,104,1.72144
22,104,1.71927
24,104,1.71727
26,104,1.71546
28,104,1.71384
30,104,1.71243
32,104,1.71124
34,104,1.71028
36,104,1.70955
38,104,1.70907
40,104,1.70884
42,104,1.70886
44,104,1.70912
46,104,1.70964
48,104,1.7104
50,104,1.71141
52,104,1.71265
54,104,1.71412
56,104,1.71581
58,104,1.7177
60,104,1.7198
62,104,1.72207
64,104,1.72451
66,104,1.72711
68,104,1.72985
70,104,1.73271
72,104,1.73567
74,104,1.73873
76,104,1.74186
78,104,1.74504
80,104,1.74827
82,104,1.75152
84,104,1.75478
86,104,1.75804
88,104,1.76128
90,104,1.76448
92,104,1.76763
94,104,1.77072
96,104,1.77375
98,104,1.77668
100,104,1.77953
102,104,1.78226
104,104,1.78489
106,104,1.78738
108,104,1.78975
110,104,1.79197
112,104,1.79405
114,104,1.79597
116,104,1.79772
118,104,1.79931
120,104,1.80072
122,104,1.80194
124,104,1.80298
126,104,1.80383
128,104,1.80448
130,104,1.80493
132,104,1.80518
134,104,1.80522
136,104,1.80506
138,104,1.80469
140,104,1.80412
142,104,1.80334
144,104,1.80236
146,104,1.80119
148,104,1.79982
150,104,1.79825
152,104,1.79651
154,104,1.79459
156,104,1.79251
158,104,1.79027
160,104,1.78789
162,104,1.78537
164,104,1.78273
166,104,1.77998
168,104,1.77713
170,104,1.7742
172,104,1.77121
174,104,1.76817
176,104,1.76509
178,104,1.76199
180,104,1.75888
-180,106,1.63851
-178,106,1.63541
-176,106,1.63233
-174,106,1.62928
-172,106,1.62629
-170,106,1.62336
-168,106,1.6205
-166,106,1.61774
-164,106,1.61507
-162,106,1.61251
-160,106,1.61006
-158,106,1.60775
-156,106,1.60557
-154,106,1.60354
-152,106,1.60166
-150,106,1.59993
-148,106,1.59838
-146,106,1.59699
-144,106,1.59577
-142,106,1.59474
-140,106,1.59388
-138,106,1.59322
-136,106,1.59274
-134,106,1.59245
-132,106,1.59236
-130,106,1.59246
-128,106,1.59275
-126,106,1.59323
-124,106,1.5939
-122,106,1.59475
-120,106,1.59579
-118,106,1.59699
-116,106,1.59837
-114,106,1.5999
-112,106,1.60158
-110,106,1.6034
-108,106,1.60535
-106,106,1.60741
-104,106,1.60957
-102,106,1.61183
-100,106,1.61415
-98,106,1.61655
-96,106,1.61898
-94,106,1.62145
-92,106,1.62394
-90,106,1.62644
-88,106,1.62893
-86,106,1.63139
-84,106,1.63383
-82,106,1.63622
-80,106,1.63856
-78,106,1.64083
-76,106,1.64303
-74,106,1.64515
-72,106,1.64718
-70,106,1.64911
-68,106,1.65093
-66,106,1.65265
-64,106,1.65424
-62,106,1.65572
-60,106,1.65706
-58,106,1.65827
-56,106,1.65934
-54,106,1.66026
-52,106,1.66103
-50,106,1.66164
-48,106,1.6621
-46,106,1.66239
-44,106,1.66252
-42,106,1.66247
-40,106,1.66225
-38,106,1.66186
-36,106,1.66129
-34,106,1.66055
-32,106,1.65963
-30,106,1.65854
-28,106,1.65728
-26,106,1.65586
-24,106,1.65428
-22,106,1.65254
-20,106,1.65066
-18,106,1.64864
-16,106,1.64649
-14,106,1.64422
-12,106,1.64185
-10,106,1.63937
-8,106,1.63681
-6,106,1.63418
-4,106,1.63149
-2,106,1.62875
0,106,1.62598
2,106,1.6232
4,106,1.62042
6,106,1.61765
8,106,1.61492
10,106,1.61224
12,106,1.60962
14,106,1.60708
16,106,1.60464
18,106,1.60232
20,106,1.60013
22,106,1.59808
24,106,1.5962
26,106,1.59449
28,106,1.59297
30,106,1.59165
32,106,1.59053
34,106,1.58964
36,106,1.58897
38,106,1.58854
40,106,1.58834
42,106,1.58839
44,106,1.58867
46,106,1.5892
48,106,1.58996
50,106,1.59096
52,106,1.59218
54,106,1.59363
56,106,1.59529
58,106,1.59715
60,106,1.5992
62,106,1.60143
64,106,1.60382
66,106,1.60637
68,106,1.60905
70,106,1.61186
72,106,1.61477
74,106,1.61778
76,106,1.62086
78,106,1.624
80,106,1.62718
82,106,1.63039
84,106,1.63361
86,106,1.63684
88,106,1.64005
90,106,1.64322
92,106,1.64636
94,106,1.64944
96,106,1.65245
98,106,1.65539
100,106,1.65823
102,106,1.66098
104,106,1.66361
106,106,1.66613
108,106,1.66851
110,106,1.67076
112,106,1.67286
114,106,1.67481
116,106,1.67659
118,106,1.67821
120,106,1.67965
122,106,1.68092
124,106,1.68199
126,106,1.68288
128,106,1.68356
130,106,1.68405
132,106,1.68434
134,106,1.68442
136,106,1.68429
138,106,1.68396
140,106,1.68342
142,106,1.68267
144,106,1.68172
146,106,1.68058
148,106,1.67923
150,106,1.6777
152,106,1.67598
154,106,1.67409
156,106,1.67202
158,106,1.6698
160,106,1.66744
162,106,1.66493
164,106,1.66231
166,106,1.65957
168,106,1.65674
170,106,1.65382
172,106,1.65083
174,106,1.64779
176,106,1.64472
178,106,1.64162
180,106,1.63851
-180,108,1.50177
-178,108,1.49867
-176,108,1.49559
-174,108,1.49254
-172,108,1.48954
-170,108,1.4866
-168,108,1.48374
-166,108,1.48095
-164,108,1.47827
-162,108,1.47569
-160,108,1.47322
-158,108,1.47088
-156,108,1.46868
-154,108,1.46662
-152,108,1.4647
-150,108,1.46295
-148,108,1.46135
-146,108,1.45992
-144,108,1.45867
-142,108,1.45759
-140,108,1.45669
-138,108,1.45598
-136,108,1.45545
-134,108,1.45511
-132,108,1.45496
-130,108,1.455
-128,108,1.45523
-126,108,1.45564
-124,108,1.45624
-122,108,1.45702
-120,108,1.45797
-118,108,1.45909
-116,108,1.46037
-114,108,1.4618
-112,108,1.46338
-110,108,1.46509
-108,108,1.46692
-106,108,1.46886
-104,108,1.4709
-102,108,1.47302
-100,108,1.47521
-98,108,1.47746
-96,108,1.47976
-94,108,1.48208
-92,108,1.48442
-90,108,1.48676
-88,108,1.4891
-86,108,1.49141
-84,108,1.49369
-82,108,1.49593
-80,108,1.49812
-78,108,1.50025
-76,108,1.5023
-74,108,1.50428
-72,108,1.50617
-70,108,1.50797
-68,108,1.50968
-66,108,1.51128
-64,108,1.51277
-62,108,1.51414
-60,108,1.51539
-58,108,1.51652
-56,108,1.51752
-54,108,1.51838
-52,108,1.51911
-50,108,1.51969
-48,108,1.52012
-46,108,1.5204
-44,108,1.52053
-42,108,1.5205
-40,108,1.52031
-38,108,1.51996
-36,108,1.51944
-34,108,1.51877
-32,108,1.51793
-30,108,1.51693
-28,108,1.51577
-26,108,1.51446
-24,108,1.513
-22,108,1.5114
-20,108,1.50966
-18,108,1.50778
-16,108,1.50579
-14,108,1.50368
-12,108,1.50147
-10,108,1.49916
-8,108,1.49677
-6,108,1.49432
-4,108,1.4918
-2,108,1.48924
0,108,1.48665
2,108,1.48405
4,108,1.48144
6,108,1.47885
8,108,1.47628
10,108,1.47376
12,108,1.47131
14,108,1.46892
16,108,1.46663
18,108,1.46445
20,108,1.46239
22,108,1.46047
24,108,1.4587
26,108,1.4571
28,108,1.45568
30,108,1.45444
32,108,1.45341
34,108,1.45259
36,108,1.45198
38,108,1.45159
40,108,1.45143
42,108,1.45151
44,108,1.45181
46,108,1.45235
48,108,1.45311
50,108,1.4541
52,108,1.45531
54,108,1.45673
56,108,1.45836
58,108,1.46019
60,108,1.4622
62,108,1.46439
64,108,1.46674
66,108,1.46924
68,108,1.47187
70,108,1.47463
72,108,1.47749
74,108,1.48045
76,108,1.48348
78,108,1.48657
80,108,1.48971
82,108,1.49288
84,108,1.49607
86,108,1.49926
88,108,1.50244
90,108,1.5056
92,108,1.50872
94,108,1.51178
96,108,1.51479
98,108,1.51772
100,108,1.52056
102,108,1.52331
104,108,1.52596
106,108,1.52848
108,108,1.53088
110,108,1.53315
112,108,1.53527
114,108,1.53725
116,108,1.53906
118,108,1.54071
120,108,1.54218
122,108,1.54347
124,108,1.54458
126,108,1.5455
128,108,1.54622
130,108,1.54674
132,108,1.54706
134,108,1.54718
136,108,1.54709
138,108,1.54679
140,108,1.54628
142,108,1.54556
144,108,1.54465
146,108,1.54353
148,108,1.54221
150,108,1.54071
152,108,1.53902
154,108,1.53715
156,108,1.53511
158,108,1.53292
160,108,1.53057
162,108,1.52809
164,108,1.52548
166,108,1.52276
168,108,1.51994
170,108,1.51704
172,108,1.51406
174,108,1.51104
176,108,1.50797
178,108,1.50487
180,108,1.50177
-180,110,1.34858
-178,110,1.34549
-176,110,1.34242
-174,110,1.33937
-172,110,1.33637
-170,110,1.33343
-168,110,1.33056
-166,110,1.32776
-164,110,1.32507
-162,110,1.32247
-160,110,1.31999
-158,110,1.31763
-156,110,1.3154
-154,110,1.31331
-152,110,1.31137
-150,110,1.30958
-148,110,1.30795
-146,110,1.30648
-144,110,1.30519
-142,110,1.30406
-140,110,1.30312
-138,110,1.30236
-136,110,1.30178
-134,110,1.30138
-132,110,1.30117
-130,110,1.30114
-128,110,1.3013
-126,110,1.30164
-124,110,1.30216
-122,110,1.30285
-120,110,1.30371
-118,110,1.30473
-116,110,1.30591
-114,110,1.30724
-112,110,1.3087
-110,110,1.31029
-108,110,1.31199
-106,110,1.3138
-104,110,1.3157
-102,110,1.31768
-100,110,1.31973
-98,110,1.32183
-96,110,1.32397
-94,110,1.32613
-92,110,1.32831
-90,110,1.3305
-88,110,1.33267
-86,110,1.33483
-84,110,1.33695
-82,110,1.33903
-80,110,1.34106
-78,110,1.34304
-76,110,1.34495
-74,110,1.34678
-72,110,1.34854
-70,110,1.35021
-68,110,1.35179
-66,110,1.35327
-64,110,1.35465
-62,110,1.35593
-60,110,1.3571
-58,110,1.35815
-56,110,1.35908
-54,110,1.35988
-52,110,1.36057
-50,110,1.36111
-48,110,1.36153
-46,110,1.3618
-44,110,1.36194
-42,110,1.36193
-40,110,1.36177
-38,110,1.36146
-36,110,1.361
-34,110,1.3604
-32,110,1.35964
-30,110,1.35874
-28,110,1.35769
-26,110,1.35649
-24,110,1.35516
-22,110,1.35369
-20,110,1.35209
-18,110,1.35037
-16,110,1.34853
-14,110,1.34659
-12,110,1.34454
-10,110,1.34241
-8,110,1.3402
-6,110,1.33792
-4,110,1.33559
-2,110,1.33321
0,110,1.3308
2,110,1.32837
4,110,1.32594
6,110,1.32352
8,110,1.32113
10,110,1.31877
12,110,1.31648
14,110,1.31425
16,110,1.31211
18,110,1.31007
20,110,1.30814
22,110,1.30635
24,110,1.3047
26,110,1.3032
28,110,1.30188
30,110,1.30073
32,110,1.29978
34,110,1.29902
36,110,1.29847
38,110,1.29814
40,110,1.29802
42,110,1.29812
44,110,1.29844
46,110,1.29899
48,110,1.29976
50,110,1.30074
52,110,1.30194
54,110,1.30334
56,110,1.30495
58,110,1.30674
60,110,1.30872
62,110,1.31086
64,110,1.31317
66,110,1.31563
68,110,1.31821
70,110,1.32092
72,110,1.32374
74,110,1.32664
76,110,1.32963
78,110,1.33268
80,110,1.33577
82,110,1.33891
84,110,1.34206
86,110,1.34522
88,110,1.34837
90,110,1.3515
92,110,1.3546
94,110,1.35766
96,110,1.36065
98,110,1.36358
100,110,1.36642
102,110,1.36917
104,110,1.37182
106,110,1.37436
108,110,1.37677
110,110,1.37906
112,110,1.3812
114,110,1.3832
116,110,1.38503
118,110,1.38671
120,110,1.38821
122,110,1.38953
124,110,1.39067
126,110,1.39162
128,110,1.39237
130,110,1.39293
132,110,1.39328
134,110,1.39342
136,110,1.39336
138,110,1.3931
140,110,1.39262
142,110,1.39194
144,110,1.39105
146,110,1.38996
148,110,1.38868
150,110,1.3872
152,110,1.38554
154,110,1.3837
156,110,1.38169
158,110,1.37952
160,110,1.3772
162,110,1.37474
164,110,1.37216
166,110,1.36946
168,110,1.36666
170,110,1.36378
172,110,1.36083
174,110,1.35781
176,110,1.35476
178,110,1.35168
180,110,1.34858
-180,112,1.17885
-178,112,1.17577
-176,112,1.17271
-174,112,1.16967
-172,112,1.16668
-170,112,1.16374
-168,112,1.16087
-166,112,1.15807
-164,112,1.15537
-162,112,1.15276
-160,112,1.15027
-158,112,1.14789
-156,112,1.14565
-154,112,1.14353
-152,112,1.14157
-150,112,1.13975
-148,112,1.13808
-146,112,1.13658
-144,112,1.13525
-142,112,1.13408
-140,112,1.13309
-138,112,1.13227
-136,112,1.13164
-134,112,1.13118
-132,112,1.13091
-130,112,1.13081
-128,112,1.13089
-126,112,1.13115
-124,112,1.13158
-122,112,1.13218
-120,112,1.13294
-118,112,1.13386
-116,112,1.13493
-114,112,1.13613
-112,112,1.13747
-110,112,1.13893
-108,112,1.1405
-106,112,1.14217
-104,112,1.14392
-102,112,1.14575
-100,112,1.14764
-98,112,1.14958
-96,112,1.15156
-94,112,1.15356
-92,112,1.15557
-90,112,1.15759
-88,112,1.1596
-86,112,1.16159
-84,112,1.16354
-82,112,1.16546
-80,112,1.16734
-78,112,1.16916
-76,112,1.17092
-74,112,1.17261
-72,112,1.17423
-70,112,1.17576
-68,112,1.17722
-66,112,1.17859
-64,112,1.17986
-62,112,1.18104
-60,112,1.18212
-58,112,1.18309
-56,112,1.18396
-54,112,1.18471
-52,112,1.18535
-50,112,1.18587
-48,112,1.18626
-46,112,1.18654
-44,112,1.18668
-42,112,1.18669
-40,112,1.18656
-38,112,1.18631
-36,112,1.18591
-34,112,1.18538
-32,112,1.18471
-30,112,1.1839
-28,112,1.18296
-26,112,1.18188
-24,112,1.18067
-22,112,1.17934
-20,112,1.17789
-18,112,1.17632
-16,112,1.17464
-14,112,1.17286
-12,112,1.17099
-10,112,1.16903
-8,112,1.167
-6,112,1.1649
-4,112,1.16274
-2,112,1.16055
0,112,1.15832
2,112,1.15607
4,112,1.15382
6,112,1.15157
8,112,1.14935
10,112,1.14716
12,112,1.14502
14,112,1.14295
16,112,1.14096
18,112,1.13906
20,112,1.13727
22,112,1.1356
24,112,1.13406
26,112,1.13268
28,112,1.13145
30,112,1.1304
32,112,1.12952
34,112,1.12883
36,112,1.12835
38,112,1.12806
40,112,1.12798
42,112,1.12811
44,112,1.12846
46,112,1.12902
48,112,1.12979
50,112,1.13077
52,112,1.13196
54,112,1.13334
56,112,1.13492
58,112,1.13669
60,112,1.13863
62,112,1.14074
64,112,1.14301
66,112,1.14542
68,112,1.14796
70,112,1.15062
72,112,1.15339
74,112,1.15625
76,112,1.15919
78,112,1.1622
80,112,1.16526
82,112,1.16835
84,112,1.17147
86,112,1.1746
88,112,1.17772
90,112,1.18083
92,112,1.18391
94,112,1.18695
96,112,1.18993
98,112,1.19285
100,112,1.19569
102,112,1.19845
104,112,1.2011
106,112,1.20365
108,112,1.20608
110,112,1.20837
112,112,1.21053
114,112,1.21255
116,112,1.21441
118,112,1.2161
120,112,1.21763
122,112,1.21898
124,112,1.22015
126,112,1.22112
128,112,1.22191
130,112,1.22249
132,112,1.22287
134,112,1.22305
136,112,1.22302
138,112,1.22279
140,112,1.22234
142,112,1.22169
144,112,1.22084
146,112,1.21978
148,112,1.21853
150,112,1.21708
152,112,1.21545
154,112,1.21364
156,112,1.21166
158,112,1.20952
160,112,1.20723
162,112,1.2048
164,112,1.20225
166,112,1.19958
168,112,1.1968
170,112,1.19395
172,112,1.19101
174,112,1.18802
176,112,1.18499
178,112,1.18193
180,112,1.17885
-180,114,0.992448
-178,114,0.989391
-176,114,0.986347
-174,114,0.983328
-172,114,0.980347
-170,114,0.977418
-168,114,0.974553
-166,114,0.971763
-164,114,0.969059
-162,114,0.966452
-160,114,0.963952
-158,114,0.961567
-156,114,0.959306
-154,114,0.957177
-152,114,0.955187
-150,114,0.953343
-148,114,0.951651
-146,114,0.950115
-144,114,0.948742
-142,114,0.947535
-140,114,0.946496
-138,114,0.94563
-136,114,0.944937
-134,114,0.944418
-132,114,0.944074
-130,114,0.943905
-128,114,0.943908
-126,114,0.94408
-124,114,0.944419
-122,114,0.944919
-120,114,0.945575
-118,114,0.94638
-116,114,0.947328
-114,114,0.948408
-112,114,0.949614
-110,114,0.950934
-108,114,0.952357
-106,114,0.953874
-104,114,0.955473
-102,114,0.957141
-100,114,0.958867
-98,114,0.96064
-96,114,0.962447
-94,114,0.964278
-92,114,0.96612
-90,114,0.967964
-88,114,0.969799
-86,114,0.971616
-84,114,0.973406
-82,114,0.975161
-80,114,0.976872
-78,114,0.978534
-76,114,0.980141
-74,114,0.981685
-72,114,0.983163
-70,114,0.98457
-68,114,0.985901
-66,114,0.987152
-64,114,0.98832
-62,114,0.989402
-60,114,0.990393
-58,114,0.99129
-56,114,0.992091
-54,114,0.992791
-52,114,0.993388
-50,114,0.993879
-48,114,0.994259
-46,114,0.994526
-44,114,0.994678
-42,114,0.994711
-40,114,0.994623
-38,114,0.994413
-36,114,0.994078
-34,114,0.993619
-32,114,0.993033
-30,114,0.992323
-28,114,0.991488
-26,114,0.990531
-24,114,0.989453
-22,114,0.988259
-20,114,0.986951
-18,114,0.985536
-16,114,0.984018
-14,114,0.982403
-12,114,0.980699
-10,114,0.978915
-8,114,0.977057
-6,114,0.975136
-4,114,0.973161
-2,114,0.971143
0,114,0.969094
2,114,0.967024
4,114,0.964947
6,114,0.962875
8,114,0.96082
10,114,0.958798
12,114,0.956821
14,114,0.954903
16,114,0.953058
18,114,0.9513
20,114,0.949643
22,114,0.948099
24,114,0.946683
26,114,0.945405
28,114,0.944278
30,114,0.943312
32,114,0.942517
34,114,0.941902
36,114,0.941474
38,114,0.941239
40,114,0.941202
42,114,0.941367
44,114,0.941735
46,114,0.942309
48,114,0.943085
50,114,0.944064
52,114,0.945241
54,114,0.946611
56,114,0.948168
58,114,0.949907
60,114,0.951817
62,114,0.95389
64,114,0.956116
66,114,0.958485
68,114,0.960984
70,114,0.963602
72,114,0.966326
74,114,0.969143
76,114,0.972041
78,114,0.975005
80,114,0.978023
82,114,0.981081
84,114,0.984166
86,114,0.987264
88,114,0.990362
90,114,0.993448
92,114,0.996508
94,114,0.999531
96,114,1.0025
98,114,1.00541
100,114,1.00825
102,114,1.01101
104,114,1.01367
106,114,1.01622
108,114,1.01865
110,114,1.02097
112,114,1.02314
114,114,1.02517
116,114,1.02705
118,114,1.02877
120,114,1.03032
122,114,1.0317
124,114,1.03289
126,114,1.03389
128,114,1.0347
130,114,1.03532
132,114,1.03573
134,114,1.03594
136,114,1.03594
138,114,1.03573
140,114,1.03532
142,114,1.0347
144,114,1.03388
146,114,1.03286
148,114,1.03164
150,114,1.03022
152,114,1.02862
154,114,1.02685
156,114,1.0249
158,114,1.02279
160,114,1.02054
162,114,1.01814
164,114,1.01562
166,114,1.01298
168,114,1.01024
170,114,1.00741
172,114,1.00451
174,114,1.00155
176,114,0.99854
178,114,0.995502
180,114,0.992448
-180,116,0.789231
-178,116,0.786204
-176,116,0.783185
-174,116,0.78019
-172,116,0.777231
-170,116,0.774321
-168,116,0.771471
-166,116,0.768693
-164,116,0.765998
-162,116,0.763396
-160,116,0.760897
-158,116,0.758509
-156,116,0.756242
-154,116,0.754102
-152,116,0.752097
-150,116,0.750233
-148,116,0.748517
-146,116,0.746952
-144,116,0.745545
-142,116,0.744298
-140,116,0.743214
-138,116,0.742297
-136,116,0.741547
-134,116,0.740966
-132,116,0.740553
-130,116,0.740308
-128,116,0.740228
-126,116,0.74031
-124,116,0.740552
-122,116,0.740948
-120,116,0.741493
-118,116,0.742179
-116,116,0.743001
-114,116,0.743949
-112,116,0.745014
-110,116,0.746188
-108,116,0.74746
-106,116,0.748819
-104,116,0.750255
-102,116,0.751756
-100,116,0.753312
-98,116,0.754911
-96,116,0.756542
-94,116,0.758195
-92,116,0.759859
-90,116,0.761525
-88,116,0.763184
-86,116,0.764825
-84,116,0.766443
-82,116,0.768028
-80,116,0.769575
-78,116,0.771077
-76,116,0.772529
-74,116,0.773926
-72,116,0.775262
-70,116,0.776536
-68,116,0.777742
-66,116,0.778877
-64,116,0.779938
-62,116,0.780923
-60,116,0.781827
-58,116,0.782649
-56,116,0.783385
-54,116,0.784032
-52,116,0.784588
-50,116,0.78505
-48,116,0.785414
-46,116,0.785678
-44,116,0.785838
-42,116,0.785894
-40,116,0.785841
-38,116,0.785678
-36,116,0.785404
-34,116,0.785016
-32,116,0.784515
-30,116,0.7839
-28,116,0.783172
-26,116,0.782331
-24,116,0.781379
-22,116,0.78032
-20,116,0.779156
-18,116,0.77789
-16,116,0.776529
-14,116,0.775077
-12,116,0.773541
-10,116,0.771927
-8,116,0.770243
-6,116,0.768498
-4,116,0.766701
-2,116,0.764861
0,116,0.762989
2,116,0.761095
4,116,0.759192
6,116,0.757291
8,116,0.755405
10,116,0.753546
12,116,0.751728
14,116,0.749963
16,116,0.748265
18,116,0.746647
20,116,0.745123
22,116,0.743705
24,116,0.742405
26,116,0.741235
28,116,0.740207
30,116,0.739331
32,116,0.738617
34,116,0.738072
36,116,0.737705
38,116,0.737522
40,116,0.737528
42,116,0.737725
44,116,0.738118
46,116,0.738706
48,116,0.73949
50,116,0.740468
52,116,0.741636
54,116,0.742992
56,116,0.744529
58,116,0.746241
60,116,0.748121
62,116,0.750159
64,116,0.752348
66,116,0.754676
68,116,0.757133
70,116,0.759708
72,116,0.762389
74,116,0.765163
76,116,0.768018
78,116,0.770942
80,116,0.773921
82,116,0.776943
84,116,0.779994
86,116,0.783062
88,116,0.786133
90,116,0.789196
92,116,0.792236
94,116,0.795243
96,116,0.798204
98,116,0.801107
100,116,0.803941
102,116,0.806693
104,116,0.809354
106,116,0.811912
108,116,0.814357
110,116,0.81668
112,116,0.81887
114,116,0.820918
116,116,0.822815
118,116,0.824554
120,116,0.826126
122,116,0.827523
124,116,0.82874
126,116,0.829771
128,116,0.830609
130,116,0.83125
132,116,0.831692
134,116,0.831929
136,116,0.831962
138,116,0.831788
140,116,0.831407
142,116,0.830821
144,116,0.830031
146,116,0.82904
148,116,0.827853
150,116,0.826475
152,116,0.824912
154,116,0.823172
156,116,0.821261
158,116,0.819191
160,116,0.816971
162,116,0.814612
164,116,0.812125
166,116,0.809524
168,116,0.80682
170,116,0.804028
172,116,0.801162
174,116,0.798235
176,116,0.795261
178,116,0.792255
180,116,0.789231
-180,118,0.569027
-178,118,0.566035
-176,118,0.563051
-174,118,0.560089
-172,118,0.557159
-170,118,0.554276
-168,118,0.55145
-166,118,0.548693
-164,118,0.546015
-162,118,0.543427
-160,118,0.540937
-158,118,0.538555
-156,118,0.536289
-154,118,0.534146
-152,118,0.532132
-150,118,0.530255
-148,118,0.52852
-146,118,0.526932
-144,118,0.525495
-142,118,0.524212
-140,118,0.523087
-138,118,0.522121
-136,118,0.521316
-134,118,0.520673
-132,118,0.52019
-130,118,0.519868
-128,118,0.519704
-126,118,0.519694
-124,118,0.519836
-122,118,0.520124
-120,118,0.520553
-118,118,0.521116
-116,118,0.521806
-114,118,0.522616
-112,118,0.523536
-110,118,0.524558
-108,118,0.525672
-106,118,0.526867
-104,118,0.528135
-102,118,0.529463
-100,118,0.530843
-98,118,0.532262
-96,118,0.533713
-94,118,0.535184
-92,118,0.536665
-90,118,0.538149
-88,118,0.539627
-86,118,0.541091
-84,118,0.542533
-82,118,0.543946
-80,118,0.545326
-78,118,0.546667
-76,118,0.547963
-74,118,0.54921
-72,118,0.550405
-70,118,0.551544
-68,118,0.552625
-66,118,0.553643
-64,118,0.554597
-62,118,0.555484
-60,118,0.556302
-58,118,0.557047
-56,118,0.557718
-54,118,0.558312
-52,118,0.558826
-50,118,0.559258
-48,118,0.559605
-46,118,0.559863
-44,118,0.560032
-42,118,0.560107
-40,118,0.560087
-38,118,0.559969
-36,118,0.559752
-34,118,0.559434
-32,118,0.559013
-30,118,0.55849
-28,118,0.557864
-26,118,0.557136
-24,118,0.556306
-22,118,0.555378
-20,118,0.554352
-18,118,0.553233
-16,118,0.552024
-14,118,0.55073
-12,118,0.549357
-10,118,0.54791
-8,118,0.546396
-6,118,0.544823
-4,118,0.543199
-2,118,0.541533
0,118,0.539835
2,118,0.538115
4,118,0.536383
6,118,0.53465
8,118,0.532929
10,118,0.531232
12,118,0.52957
14,118,0.527957
16,118,0.526404
18,118,0.524925
20,118,0.523532
22,118,0.522238
24,118,0.521054
26,118,0.519993
28,118,0.519064
30,118,0.518277
32,118,0.517643
34,118,0.51717
36,118,0.516865
38,118,0.516734
40,118,0.516782
42,118,0.517014
44,118,0.517431
46,118,0.518036
48,118,0.518828
50,118,0.519806
52,118,0.520968
54,118,0.52231
56,118,0.523827
58,118,0.525515
60,118,0.527365
62,118,0.52937
64,118,0.531522
66,118,0.533811
68,118,0.536227
70,118,0.53876
72,118,0.541398
74,118,0.54413
76,118,0.546944
78,118,0.549827
80,118,0.552768
82,118,0.555753
84,118,0.558771
86,118,0.561808
88,118,0.564853
90,118,0.567891
92,118,0.570912
94,118,0.573902
96,118,0.57685
98,118,0.579743
100,118,0.582571
102,118,0.585321
104,118,0.587983
106,118,0.590545
108,118,0.592997
110,118,0.59533
112,118,0.597532
114,118,0.599594
116,118,0.601509
118,118,0.603266
120,118,0.604858
122,118,0.606278
124,118,0.607519
126,118,0.608574
128,118,0.609439
130,118,0.610108
132,118,0.610577
134,118,0.610845
136,118,0.610907
138,118,0.610765
140,118,0.610417
142,118,0.609864
144,118,0.609108
146,118,0.608153
148,118,0.607003
150,118,0.605662
152,118,0.604137
154,118,0.602435
156,118,0.600564
158,118,0.598534
160,118,0.596355
162,118,0.594037
164,118,0.591593
166,118,0.589033
168,118,0.586372
170,118,0.583623
172,118,0.580798
174,118,0.577912
176,118,0.574979
178,118,0.572013
180,118,0.569027
-180,120,0.331624
-178,120,0.328677
-176,120,0.325736
-174,120,0.322815
-172,120,0.319924
-170,120,0.317077
-168,120,0.314284
-166,120,0.311557
-164,120,0.308906
-162,120,0.306341
-160,120,0.30387
-158,120,0.301502
-156,120,0.299246
-154,120,0.297107
-152,120,0.295094
-150,120,0.293211
-148,120,0.291464
-146,120,0.289858
-144,120,0.288397
-142,120,0.287084
-140,120,0.285921
-138,120,0.28491
-136,120,0.284053
-134,120,0.283349
-132,120,0.282799
-130,120,0.2824
-128,120,0.282151
-126,120,0.282048
-124,120,0.282088
-122,120,0.282266
-120,120,0.282576
-118,120,0.283013
-116,120,0.283569
-114,120,0.284236
-112,120,0.285007
-110,120,0.285873
-108,120,0.286824
-106,120,0.287852
-104,120,0.288946
-102,120,0.290098
-100,120,0.291297
-98,120,0.292533
-96,120,0.293799
-94,120,0.295084
-92,120,0.29638
-90,120,0.297679
-88,120,0.298974
-86,120,0.300257
-84,120,0.301521
-82,120,0.302762
-80,120,0.303973
-78,120,0.30515
-76,120,0.306289
-74,120,0.307387
-72,120,0.308439
-70,120,0.309443
-68,120,0.310397
-66,120,0.311298
-64,120,0.312144
-62,120,0.312933
-60,120,0.313662
-58,120,0.314331
-56,120,0.314935
-54,120,0.315474
-52,120,0.315944
-50,120,0.316344
-48,120,0.316671
-46,120,0.316922
-44,120,0.317095
-42,120,0.317187
-40,120,0.317196
-38,120,0.317119
-36,120,0.316954
-34,120,0.3167
-32,120,0.316355
-30,120,0.315919
-28,120,0.31539
-26,120,0.314768
-24,120,0.314055
-22,120,0.313251
-20,120,0.312358
-18,120,0.311378
-16,120,0.310316
-14,120,0.309174
-12,120,0.307957
-10,120,0.306671
-8,120,0.305321
-6,120,0.303915
-4,120,0.302459
-2,120,0.300963
0,120,0.299434
2,120,0.297882
4,120,0.296317
6,120,0.294749
8,120,0.29319
10,120,0.291651
12,120,0.290143
14,120,0.288678
16,120,0.287269
18,120,0.285927
20,120,0.284664
22,120,0.283493
24,120,0.282424
26,120,0.281469
28,120,0.280639
30,120,0.279942
32,120,0.279389
34,120,0.278987
36,120,0.278744
38,120,0.278665
40,120,0.278757
42,120,0.279023
44,120,0.279466
46,120,0.280088
48,120,0.280889
50,120,0.281869
52,120,0.283025
54,120,0.284354
56,120,0.285853
58,120,0.287517
60,120,0.289338
62,120,0.291311
64,120,0.293427
66,120,0.295677
68,120,0.298053
70,120,0.300544
72,120,0.30314
74,120,0.30583
76,120,0.308602
78,120,0.311445
80,120,0.314347
82,120,0.317296
84,120,0.32028
86,120,0.323286
88,120,0.326303
90,120,0.329316
92,120,0.332316
94,120,0.335288
96,120,0.338222
98,120,0.341105
100,120,0.343925
102,120,0.346671
104,120,0.349332
106,120,0.351897
108,120,0.354355
110,120,0.356695
112,120,0.358908
114,120,0.360984
116,120,0.362913
118,120,0.364688
120,120,0.3663
122,120,0.367741
124,120,0.369004
126,120,0.370084
128,120,0.370974
130,120,0.37167
132,120,0.372169
134,120,0.372466
136,120,0.37256
138,120,0.372449
140,120,0.372135
142,120,0.371617
144,120,0.370897
146,120,0.369979
148,120,0.368867
150,120,0.367566
152,120,0.366082
154,120,0.364422
156,120,0.362595
158,120,0.36061
160,120,0.358476
162,120,0.356204
164,120,0.353807
166,120,0.351296
168,120,0.348683
170,120,0.345982
172,120,0.343206
174,120,0.340368
176,120,0.337483
178,120,0.334564
180,120,0.331624
-180,122,0.0767728
-178,122,0.0738796
-176,122,0.0709911
-174,122,0.0681198
-172,122,0.0652777
-170,122,0.0624765
-168,122,0.0597272
-166,122,0.0570403
-164,122,0.0544258
-162,122,0.0518931
-160,122,0.049451
-158,122,0.0471074
-156,122,0.0448701
-154,122,0.0427457
-152,122,0.0407406
-150,122,0.0388604
-148,122,0.0371099
-146,122,0.0354936
-144,122,0.0340149
-142,122,0.0326768
-140,122,0.0314817
-138,122,0.0304308
-136,122,0.0295251
-134,122,0.0287646
-132,122,0.0281484
-130,122,0.0276751
-128,122,0.0273424
-126,122,0.0271471
-124,122,0.0270854
-122,122,0.0271526
-120,122,0.0273434
-118,122,0.0276518
-116,122,0.0280712
-114,122,0.0285942
-112,122,0.0292132
-110,122,0.0299201
-108,122,0.0307063
-106,122,0.0315632
-104,122,0.0324819
-102,122,0.0334536
-100,122,0.0344694
-98,122,0.0355206
-96,122,0.0365989
-94,122,0.0376961
-92,122,0.0388045
-90,122,0.0399168
-88,122,0.0410262
-86,122,0.0421266
-84,122,0.0432124
-82,122,0.0442783
-80,122,0.0453198
-78,122,0.046333
-76,122,0.0473143
-74,122,0.0482607
-72,122,0.0491694
-70,122,0.0500381
-68,122,0.0508647
-66,122,0.0516473
-64,122,0.0523841
-62,122,0.0530734
-60,122,0.0537134
-58,122,0.0543024
-56,122,0.0548385
-54,122,0.0553197
-52,122,0.055744
-50,122,0.0561089
-48,122,0.0564123
-46,122,0.0566517
-44,122,0.0568245
-42,122,0.0569282
-40,122,0.0569604
-38,122,0.0569187
-36,122,0.0568007
-34,122,0.0566046
-32,122,0.0563285
-30,122,0.0559712
-28,122,0.0555316
-26,122,0.0550093
-24,122,0.0544042
-22,122,0.053717
-20,122,0.0529487
-18,122,0.0521012
-16,122,0.0511771
-14,122,0.0501793
-12,122,0.0491118
-10,122,0.0479791
-8,122,0.0467865
-6,122,0.0455399
-4,122,0.044246
-2,122,0.0429122
0,122,0.0415464
2,122,0.0401573
4,122,0.0387541
6,122,0.0373465
8,122,0.0359448
10,122,0.0345596
12,122,0.033202
14,122,0.031883
16,122,0.0306142
18,122,0.0294069
20,122,0.0282727
22,122,0.0272227
24,122,0.0262679
26,122,0.025419
28,122,0.0246861
30,122,0.0240788
32,122,0.0236058
34,122,0.0232753
36,122,0.0230943
38,122,0.0230692
40,122,0.0232051
42,122,0.0235063
44,122,0.0239757
46,122,0.0246154
48,122,0.0254262
50,122,0.0264078
52,122,0.0275587
54,122,0.0288765
56,122,0.0303577
58,122,0.0319977
60,122,0.0337911
62,122,0.0357315
64,122,0.0378117
66,122,0.0400238
68,122,0.0423592
70,122,0.0448085
72,122,0.0473619
74,122,0.0500092
76,122,0.0527395
78,122,0.0555417
80,122,0.0584045
82,122,0.0613162
84,122,0.064265
86,122,0.0672388
88,122,0.0702255
90,122,0.0732132
92,122,0.0761895
94,122,0.0791425
96,122,0.0820601
98,122,0.0849304
100,122,0.0877416
102,122,0.0904822
104,122,0.0931407
106,122,0.0957061
108,122,0.0981674
110,122,0.100514
112,122,0.102736
114,122,0.104824
116,122,0.106767
118,122,0.108558
120,122,0.110188
122,122,0.11165
124,122,0.112935
126,122,0.114039
128,122,0.114954
130,122,0.115678
132,122,0.116205
134,122,0.116532
136,122,0.116658
138,122,0.116581
140,122,0.116301
142,122,0.115819
144,122,0.115138
146,122,0.11426
148,122,0.113189
150,122,0.11193
152,122,0.110491
154,122,0.108877
156,122,0.107098
158,122,0.105161
160,122,0.103078
162,122,0.100858
164,122,0.0985138
166,122,0.0960564
168,122,0.0934985
170,122,0.0908529
172,122,0.0881326
174,122,0.0853511
176,122,0.0825217
178,122,0.0796579
180,122,0.0767728
-180,124,-0.195826
-178,124,-0.198657
-176,124,-0.201483
-174,124,-0.204294
-172,124,-0.207077
-170,124,-0.209822
-168,124,-0.212518
-166,124,-0.215154
-164,124,-0.217721
-162,124,-0.220211
-160,124,-0.222614
-158,124,-0.224923
-156,124,-0.227131
-154,124,-0.229231
-152,124,-0.231218
-150,124,-0.233087
-148,124,-0.234832
-146,124,-0.236451
-144,124,-0.237939
-142,124,-0.239295
-140,124,-0.240516
-138,124,-0.241601
-136,124,-0.24255
-134,124,-0.243363
-132,124,-0.244041
-130,124,-0.244585
-128,124,-0.244999
-126,124,-0.245285
-124,124,-0.245447
-122,124,-0.245489
-120,124,-0.245417
-118,124,-0.245237
-116,124,-0.244954
-114,124,-0.244576
-112,124,-0.24411
-110,124,-0.243563
-108,124,-0.242943
-106,124,-0.242258
-104,124,-0.241516
-102,124,-0.240725
-100,124,-0.239894
-98,124,-0.239029
-96,124,-0.238139
-94,124,-0.237231
-92,124,-0.236312
-90,124,-0.235387
-88,124,-0.234463
-86,124,-0.233546
-84,124,-0.23264
-82,124,-0.231749
-80,124,-0.230878
-78,124,-0.230029
-76,124,-0.229206
-74,124,-0.228412
-72,124,-0.227647
-70,124,-0.226915
-68,124,-0.226217
-66,124,-0.225554
-64,124,-0.224928
-62,124,-0.22434
-60,124,-0.223792
-58,124,-0.223285
-56,124,-0.22282
-54,124,-0.2224
-52,124,-0.222025
-50,124,-0.2217
-48,124,-0.221424
-46,124,-0.221202
-44,124,-0.221035
-42,124,-0.220925
-40,124,-0.220876
-38,124,-0.22089
-36,124,-0.220969
-34,124,-0.221115
-32,124,-0.221331
-30,124,-0.221617
-28,124,-0.221976
-26,124,-0.222408
-24,124,-0.222914
-22,124,-0.223494
-20,124,-0.224147
-18,124,-0.224872
-16,124,-0.225667
-14,124,-0.22653
-12,124,-0.227457
-10,124,-0.228445
-8,124,-0.229489
-6,124,-0.230584
-4,124,-0.231724
-2,124,-0.232903
0,124,-0.234112
2,124,-0.235345
4,124,-0.236592
6,124,-0.237845
8,124,-0.239095
10,124,-0.24033
12,124,-0.241542
14,124,-0.242719
16,124,-0.24385
18,124,-0.244926
20,124,-0.245934
22,124,-0.246865
24,124,-0.247707
26,124,-0.248451
28,124,-0.249088
30,124,-0.249606
32,124,-0.25
34,124,-0.250259
36,124,-0.250378
38,124,-0.250349
40,124,-0.250169
42,124,-0.249833
44,124,-0.249336
46,124,-0.248678
48,124,-0.247857
50,124,-0.246873
52,124,-0.245727
54,124,-0.24442
56,124,-0.242957
58,124,-0.24134
60,124,-0.239574
62,124,-0.237666
64,124,-0.235621
66,124,-0.233448
68,124,-0.231153
70,124,-0.228746
72,124,-0.226236
74,124,-0.223632
76,124,-0.220945
78,124,-0.218185
80,124,-0.215363
82,124,-0.21249
84,124,-0.209579
86,124,-0.206639
88,124,-0.203684
90,124,-0.200724
92,124,-0.197773
94,124,-0.194842
96,124,-0.191943
98,124,-0.189087
100,124,-0.186287
102,124,-0.183555
104,124,-0.180901
106,124,-0.178337
108,124,-0.175875
110,124,-0.173524
112,124,-0.171294
114,124,-0.169197
116,124,-0.167241
118,124,-0.165435
120,124,-0.163788
122,124,-0.162308
124,124,-0.161001
126,124,-0.159874
128,124,-0.158933
130,124,-0.158182
132,124,-0.157626
134,124,-0.157268
136,124,-0.157109
138,124,-0.157152
140,124,-0.157395
142,124,-0.157838
144,124,-0.158479
146,124,-0.159315
148,124,-0.160341
150,124,-0.161553
152,124,-0.162944
154,124,-0.164508
156,124,-0.166235
158,124,-0.168117
160,124,-0.170144
162,124,-0.172306
164,124,-0.174591
166,124,-0.176988
168,124,-0.179484
170,124,-0.182067
172,124,-0.184723
174,124,-0.187441
176,124,-0.190206
178,124,-0.193005
180,124,-0.195826
-180,126,-0.486532
-178,126,-0.489289
-176,126,-0.492043
-174,126,-0.494783
-172,126,-0.497497
-170,126,-0.500174
-168,126,-0.502805
-166,126,-0.50538
-164,126,-0.507888
-162,126,-0.510323
-160,126,-0.512676
-158,126,-0.51494
-156,126,-0.517108
-154,126,-0.519174
-152,126,-0.521133
-150,126,-0.52298
-148,126,-0.524711
-146,126,-0.526322
-144,126,-0.527812
-142,126,-0.529177
-140,126,-0.530417
-138,126,-0.531529
-136,126,-0.532515
-134,126,-0.533375
-132,126,-0.53411
-130,126,-0.534721
-128,126,-0.535211
-126,126,-0.535584
-124,126,-0.535843
-122,126,-0.535993
-120,126,-0.536038
-118,126,-0.535984
-116,126,-0.535836
-114,126,-0.535602
-112,126,-0.535287
-110,126,-0.534899
-108,126,-0.534444
-106,126,-0.533931
-104,126,-0.533365
-102,126,-0.532755
-100,126,-0.532108
-98,126,-0.53143
-96,126,-0.530728
-94,126,-0.530009
-92,126,-0.529278
-90,126,-0.528541
-88,126,-0.527802
-86,126,-0.527068
-84,126,-0.526341
-82,126,-0.525626
-80,126,-0.524925
-78,126,-0.524242
-76,126,-0.523578
-74,126,-0.522935
-72,126,-0.522316
-70,126,-0.521722
-68,126,-0.521154
-66,126,-0.520612
-64,126,-0.520099
-62,126,-0.519615
-60,126,-0.519161
-58,126,-0.518739
-56,126,-0.518349
-54,126,-0.517994
-52,126,-0.517674
-50,126,-0.517393
-48,126,-0.517152
-46,126,-0.516952
-44,126,-0.516798
-42,126,-0.51669
-40,126,-0.516632
-38,126,-0.516626
-36,126,-0.516674
-34,126,-0.51678
-32,126,-0.516944
-30,126,-0.51717
-28,126,-0.517458
-26,126,-0.517811
-24,126,-0.518229
-22,126,-0.518712
-20,126,-0.51926
-18,126,-0.519873
-16,126,-0.52055
-14,126,-0.521288
-12,126,-0.522085
-10,126,-0.522938
-8,126,-0.523843
-6,126,-0.524796
-4,126,-0.525791
-2,126,-0.526822
0,126,-0.527883
2,126,-0.528967
4,126,-0.530066
6,126,-0.531171
8,126,-0.532273
10,126,-0.533365
12,126,-0.534435
14,126,-0.535474
16,126,-0.536472
18,126,-0.537419
20,126,-0.538305
22,126,-0.539119
24,126,-0.539851
26,126,-0.540492
28,126,-0.541033
30,126,-0.541464
32,126,-0.541778
34,126,-0.541967
36,126,-0.542024
38,126,-0.541942
40,126,-0.541718
42,126,-0.541345
44,126,-0.540822
46,126,-0.540145
48,126,-0.539314
50,126,-0.538327
52,126,-0.537185
54,126,-0.53589
56,126,-0.534443
58,126,-0.53285
60,126,-0.531112
62,126,-0.529237
64,126,-0.527228
66,126,-0.525094
68,126,-0.522841
70,126,-0.520478
72,126,-0.518012
74,126,-0.515453
76,126,-0.512811
78,126,-0.510095
80,126,-0.507316
82,126,-0.504484
84,126,-0.501611
86,126,-0.498709
88,126,-0.495787
90,126,-0.492859
92,126,-0.489936
94,126,-0.48703
96,126,-0.484152
98,126,-0.481314
100,126,-0.478529
102,126,-0.475807
104,126,-0.473161
106,126,-0.470602
108,126,-0.468141
110,126,-0.465788
112,126,-0.463554
114,126,-0.461448
116,126,-0.459482
118,126,-0.457663
120,126,-0.456
122,126,-0.454502
124,126,-0.453174
126,126,-0.452025
128,126,-0.451058
130,126,-0.450281
132,126,-0.449695
134,126,-0.449305
136,126,-0.449112
138,126,-0.449118
140,126,-0.449323
142,126,-0.449725
144,126,-0.450322
146,126,-0.451112
148,126,-0.452091
150,126,-0.453252
152,126,-0.454591
154,126,-0.456099
156,126,-0.457768
158,126,-0.45959
160,126,-0.461556
162,126,-0.463653
164,126,-0.465872
166,126,-0.468201
168,126,-0.470627
170,126,-0.473139
172,126,-0.475723
174,126,-0.478367
176,126,-0.481059
178,126,-0.483785
180,126,-0.486532
-180,128,-0.795773
-178,128,-0.798446
-176,128,-0.801116
-174,128,-0.803774
-172,128,-0.806407
-170,128,-0.809006
-168,128,-0.81156
-166,128,-0.814061
-164,128,-0.8165
-162,128,-0.818869
-160,128,-0.82116
-158,128,-0.823367
-156,128,-0.825484
-154,128,-0.827504
-152,128,-0.829424
-150,128,-0.831239
-148,128,-0.832946
-146,128,-0.834541
-144,128,-0.836023
-142,128,-0.837389
-140,128,-0.838638
-138,128,-0.839771
-136,128,-0.840786
-134,128,-0.841686
-132,128,-0.842471
-130,128,-0.843143
-128,128,-0.843705
-126,128,-0.84416
-124,128,-0.844512
-122,128,-0.844764
-120,128,-0.844922
-118,128,-0.844991
-116,128,-0.844975
-114,128,-0.844881
-112,128,-0.844715
-110,128,-0.844484
-108,128,-0.844192
-106,128,-0.843848
-104,128,-0.843457
-102,128,-0.843026
-100,128,-0.842561
-98,128,-0.842068
-96,128,-0.841553
-94,128,-0.84102
-92,128,-0.840477
-90,128,-0.839926
-88,128,-0.839373
-86,128,-0.83882
-84,128,-0.838272
-82,128,-0.837732
-80,128,-0.837201
-78,128,-0.836683
-76,128,-0.836178
-74,128,-0.835689
-72,128,-0.835216
-70,128,-0.834761
-68,128,-0.834324
-66,128,-0.833906
-64,128,-0.833508
-62,128,-0.83313
-60,128,-0.832774
-58,128,-0.832441
-56,128,-0.832131
-54,128,-0.831845
-52,128,-0.831586
-50,128,-0.831355
-48,128,-0.831155
-46,128,-0.830986
-44,128,-0.830851
-42,128,-0.830754
-40,128,-0.830695
-38,128,-0.830679
-36,128,-0.830707
-34,128,-0.830782
-32,128,-0.830906
-30,128,-0.831082
-28,128,-0.831312
-26,128,-0.831596
-24,128,-0.831937
-22,128,-0.832335
-20,128,-0.832791
-18,128,-0.833304
-16,128,-0.833874
-14,128,-0.834499
-12,128,-0.835177
-10,128,-0.835906
-8,128,-0.836683
-6,128,-0.837503
-4,128,-0.838363
-2,128,-0.839256
0,128,-0.840178
2,128,-0.841121
4,128,-0.842078
6,128,-0.843042
8,128,-0.844005
10,128,-0.844958
12,128,-0.845893
14,128,-0.846799
16,128,-0.847668
18,128,-0.848491
20,128,-0.849257
22,128,-0.849957
24,128,-0.850581
26,128,-0.851122
28,128,-0.851569
30,128,-0.851914
32,128,-0.85215
34,128,-0.852269
36,128,-0.852264
38,128,-0.85213
40,128,-0.851862
42,128,-0.851454
44,128,-0.850904
46,128,-0.850208
48,128,-0.849366
50,128,-0.848376
52,128,-0.847239
54,128,-0.845955
56,128,-0.844526
58,128,-0.842956
60,128,-0.841247
62,128,-0.839405
64,128,-0.837434
66,128,-0.83534
68,128,-0.83313
70,128,-0.830812
72,128,-0.828392
74,128,-0.82588
76,128,-0.823285
78,128,-0.820615
80,128,-0.817882
82,128,-0.815094
84,128,-0.812264
86,128,-0.809401
88,128,-0.806518
90,128,-0.803624
92,128,-0.800732
94,128,-0.797854
96,128,-0.795001
98,128,-0.792186
100,128,-0.789419
102,128,-0.786712
104,128,-0.784077
106,128,-0.781526
108,128,-0.779069
110,128,-0.776717
112,128,-0.774481
114,128,-0.772371
116,128,-0.770396
118,128,-0.768566
120,128,-0.76689
122,128,-0.765374
124,128,-0.764027
126,128,-0.762856
128,128,-0.761865
130,128,-0.761059
132,128,-0.760443
134,128,-0.76002
136,128,-0.759792
138,128,-0.75976
140,128,-0.759923
142,128,-0.760282
144,128,-0.760833
146,128,-0.761573
148,128,-0.762499
150,128,-0.763606
152,128,-0.764886
154,128,-0.766333
156,128,-0.767939
158,128,-0.769695
160,128,-0.771591
162,128,-0.773617
164,128,-0.775762
166,128,-0.778015
168,128,-0.780363
170,128,-0.782795
172,128,-0.785298
174,128,-0.787859
176,128,-0.790467
178,128,-0.793109
180,128,-0.795773
-180,130,-1.12406
-178,130,-1.12664
-176,130,-1.12921
-174,130,-1.13178
-172,130,-1.13432
-170,130,-1.13683
-168,130,-1.13929
-166,130,-1.14171
-164,130,-1.14407
-162,130,-1.14636
-160,130,-1.14857
-158,130,-1.15071
-156,130,-1.15277
-154,130,-1.15473
-152,130,-1.1566
-150,130,-1.15837
-148,130,-1.16004
-146,130,-1.16161
-144,130,-1.16308
-142,130,-1.16443
-140,130,-1.16568
-138,130,-1.16683
-136,130,-1.16786
-134,130,-1.1688
-132,130,-1.16962
-130,130,-1.17035
-128,130,-1.17098
-126,130,-1.17151
-124,130,-1.17195
-122,130,-1.1723
-120,130,-1.17256
-118,130,-1.17275
-116,130,-1.17286
-114,130,-1.1729
-112,130,-1.17288
-110,130,-1.1728
-108,130,-1.17267
-106,130,-1.17249
-104,130,-1.17227
-102,130,-1.17201
-100,130,-1.17173
-98,130,-1.17142
-96,130,-1.17109
-94,130,-1.17074
-92,130,-1.17038
-90,130,-1.17001
-88,130,-1.16964
-86,130,-1.16927
-84,130,-1.1689
-82,130,-1.16853
-80,130,-1.16817
-78,130,-1.16782
-76,130,-1.16747
-74,130,-1.16714
-72,130,-1.16681
-70,130,-1.1665
-68,130,-1.16619
-66,130,-1.1659
-64,130,-1.16562
-62,130,-1.16535
-60,130,-1.1651
-58,130,-1.16486
-56,130,-1.16463
-54,130,-1.16442
-52,130,-1.16423
-50,130,-1.16406
-48,130,-1.16391
-46,130,-1.16378
-44,130,-1.16367
-42,130,-1.16359
-40,130,-1.16354
-38,130,-1.16353
-36,130,-1.16354
-34,130,-1.1636
-32,130,-1.1637
-30,130,-1.16383
-28,130,-1.16402
-26,130,-1.16425
-24,130,-1.16452
-22,130,-1.16485
-20,130,-1.16522
-18,130,-1.16565
-16,130,-1.16612
-14,130,-1.16665
-12,130,-1.16722
-10,130,-1.16784
-8,130,-1.1685
-6,130,-1.1692
-4,130,-1.16993
-2,130,-1.1707
0,130,-1.17149
2,130,-1.1723
4,130,-1.17312
6,130,-1.17396
8,130,-1.17479
10,130,-1.17561
12,130,-1.17641
14,130,-1.17719
16,130,-1.17794
18,130,-1.17864
20,130,-1.17929
22,130,-1.17988
24,130,-1.1804
26,130,-1.18084
28,130,-1.1812
30,130,-1.18146
32,130,-1.18162
34,130,-1.18167
36,130,-1.1816
38,130,-1.18142
40,130,-1.18111
42,130,-1.18066
44,130,-1.18009
46,130,-1.17937
48,130,-1.17852
50,130,-1.17753
52,130,-1.17639
54,130,-1.17512
56,130,-1.17371
58,130,-1.17217
60,130,-1.17049
62,130,-1.16868
64,130,-1.16675
66,130,-1.16469
68,130,-1.16253
70,130,-1.16026
72,130,-1.15789
74,130,-1.15542
76,130,-1.15288
78,130,-1.15026
80,130,-1.14757
82,130,-1.14483
84,130,-1.14205
86,130,-1.13923
88,130,-1.13639
90,130,-1.13353
92,130,-1.13068
94,130,-1.12783
96,130,-1.12501
98,130,-1.12222
100,130,-1.11948
102,130,-1.11679
104,130,-1.11417
106,130,-1.11163
108,130,-1.10918
110,130,-1.10683
112,130,-1.1046
114,130,-1.10249
116,130,-1.10051
118,130,-1.09867
120,130,-1.09698
122,130,-1.09545
124,130,-1.09409
126,130,-1.09289
128,130,-1.09188
130,130,-1.09104
132,130,-1.0904
134,130,-1.08994
136,130,-1.08968
138,130,-1.0896
140,130,-1.08972
142,130,-1.09003
144,130,-1.09053
146,130,-1.09122
148,130,-1.09209
150,130,-1.09314
152,130,-1.09435
154,130,-1.09573
156,130,-1.09727
158,130,-1.09895
160,130,-1.10077
162,130,-1.10272
164,130,-1.10478
166,130,-1.10695
168,130,-1.10921
170,130,-1.11155
172,130,-1.11396
174,130,-1.11643
176,130,-1.11895
178,130,-1.12149
180,130,-1.12406
-180,132,-1.47201
-178,132,-1.47448
-176,132,-1.47695
-174,132,-1.47941
-172,132,-1.48184
-170,132,-1.48425
-168,132,-1.48661
-166,132,-1.48893
-164,132,-1.49119
-162,132,-1.49339
-160,132,-1.49553
-158,132,-1.49758
-156,132,-1.49956
-154,132,-1.50146
-152,132,-1.50327
-150,132,-1.50499
-148,132,-1.50661
-146,132,-1.50814
-144,132,-1.50958
-142,132,-1.51092
-140,132,-1.51216
-138,132,-1.5133
-136,132,-1.51435
-134,132,-1.51531
-132,132,-1.51617
-130,132,-1.51694
-128,132,-1.51763
-126,132,-1.51823
-124,132,-1.51874
-122,132,-1.51918
-120,132,-1.51955
-118,132,-1.51985
-116,132,-1.52008
-114,132,-1.52025
-112,132,-1.52037
-110,132,-1.52044
-108,132,-1.52046
-106,132,-1.52044
-104,132,-1.52039
-102,132,-1.5203
-100,132,-1.52019
-98,132,-1.52006
-96,132,-1.5199
-94,132,-1.51974
-92,132,-1.51956
-90,132,-1.51938
-88,132,-1.51919
-86,132,-1.51899
-84,132,-1.5188
-82,132,-1.5186
-80,132,-1.51841
-78,132,-1.51822
-76,132,-1.51804
-74,132,-1.51785
-72,132,-1.51768
-70,132,-1.5175
-68,132,-1.51733
-66,132,-1.51717
-64,132,-1.51701
-62,132,-1.51686
-60,132,-1.51671
-58,132,-1.51657
-56,132,-1.51643
-54,132,-1.51631
-52,132,-1.51619
-50,132,-1.51608
-48,132,-1.51598
-46,132,-1.5159
-44,132,-1.51583
-42,132,-1.51578
-40,132,-1.51575
-38,132,-1.51575
-36,132,-1.51577
-34,132,-1.51582
-32,132,-1.5159
-30,132,-1.51601
-28,132,-1.51616
-26,132,-1.51635
-24,132,-1.51657
-22,132,-1.51684
-20,132,-1.51715
-18,132,-1.5175
-16,132,-1.51789
-14,132,-1.51833
-12,132,-1.51881
-10,132,-1.51932
-8,132,-1.51988
-6,132,-1.52047
-4,132,-1.52109
-2,132,-1.52174
0,132,-1.52241
2,132,-1.5231
4,132,-1.5238
6,132,-1.52451
8,132,-1.52521
10,132,-1.52591
12,132,-1.52659
14,132,-1.52725
16,132,-1.52788
18,132,-1.52846
20,132,-1.529
22,132,-1.52949
24,132,-1.52991
26,132,-1.53025
28,132,-1.53052
30,132,-1.5307
32,132,-1.53079
34,132,-1.53077
36,132,-1.53065
38,132,-1.53041
40,132,-1.53005
42,132,-1.52958
44,132,-1.52898
46,132,-1.52824
48,132,-1.52738
50,132,-1.52639
52,132,-1.52526
54,132,-1.524
56,132,-1.52261
58,132,-1.52109
60,132,-1.51944
62,132,-1.51767
64,132,-1.51578
66,132,-1.51377
68,132,-1.51165
70,132,-1.50943
72,132,-1.50711
74,132,-1.5047
76,132,-1.5022
78,132,-1.49964
80,132,-1.49701
82,132,-1.49432
84,132,-1.49158
86,132,-1.48881
88,132,-1.48602
90,132,-1.48321
92,132,-1.48039
94,132,-1.47758
96,132,-1.4748
98,132,-1.47204
100,132,-1.46932
102,132,-1.46666
104,132,-1.46406
106,132,-1.46154
108,132,-1.4591
110,132,-1.45676
112,132,-1.45453
114,132,-1.45242
116,132,-1.45044
118,132,-1.4486
120,132,-1.4469
122,132,-1.44536
124,132,-1.44398
126,132,-1.44276
128,132,-1.44172
130,132,-1.44086
132,132,-1.44018
134,132,-1.43969
136,132,-1.43939
138,132,-1.43927
140,132,-1.43935
142,132,-1.43961
144,132,-1.44005
146,132,-1.44068
148,132,-1.44149
150,132,-1.44247
152,132,-1.44361
154,132,-1.44492
156,132,-1.44638
158,132,-1.44798
160,132,-1.44971
162,132,-1.45157
164,132,-1.45354
166,132,-1.45562
168,132,-1.45778
170,132,-1.46002
172,132,-1.46233
174,132,-1.4647
176,132,-1.46711
178,132,-1.46955
180,132,-1.47201
-180,134,-1.84035
-178,134,-1.84271
-176,134,-1.84506
-174,134,-1.84739
-172,134,-1.84971
-170,134,-1.852
-168,134,-1.85426
-166,134,-1.85646
-164,134,-1.85862
-162,134,-1.86072
-160,134,-1.86275
-158,134,-1.86472
-156,134,-1.86661
-154,134,-1.86842
-152,134,-1.87016
-150,134,-1.87181
-148,134,-1.87338
-146,134,-1.87486
-144,134,-1.87626
-142,134,-1.87757
-140,134,-1.87879
-138,134,-1.87993
-136,134,-1.88098
-134,134,-1.88195
-132,134,-1.88284
-130,134,-1.88365
-128,134,-1.88438
-126,134,-1.88504
-124,134,-1.88563
-122,134,-1.88615
-120,134,-1.88661
-118,134,-1.88701
-116,134,-1.88735
-114,134,-1.88765
-112,134,-1.8879
-110,134,-1.88811
-108,134,-1.88827
-106,134,-1.88841
-104,134,-1.88851
-102,134,-1.88859
-100,134,-1.88865
-98,134,-1.88869
-96,134,-1.88871
-94,134,-1.88872
-92,134,-1.88872
-90,134,-1.88872
-88,134,-1.8887
-86,134,-1.88868
-84,134,-1.88866
-82,134,-1.88864
-80,134,-1.88861
-78,134,-1.88859
-76,134,-1.88856
-74,134,-1.88853
-72,134,-1.8885
-70,134,-1.88847
-68,134,-1.88844
-66,134,-1.88841
-64,134,-1.88838
-62,134,-1.88834
-60,134,-1.88831
-58,134,-1.88827
-56,134,-1.88823
-54,134,-1.88819
-52,134,-1.88815
-50,134,-1.88812
-48,134,-1.88808
-46,134,-1.88806
-44,134,-1.88804
-42,134,-1.88803
-40,134,-1.88803
-38,134,-1.88805
-36,134,-1.88808
-34,134,-1.88814
-32,134,-1.88821
-30,134,-1.88832
-28,134,-1.88844
-26,134,-1.8886
-24,134,-1.88879
-22,134,-1.88901
-20,134,-1.88927
-18,134,-1.88956
-16,134,-1.88988
-14,134,-1.89025
-12,134,-1.89064
-10,134,-1.89107
-8,134,-1.89154
-6,134,-1.89203
-4,134,-1.89255
-2,134,-1.89309
0,134,-1.89365
2,134,-1.89423
4,134,-1.89482
6,134,-1.89541
8,134,-1.896
10,134,-1.89658
12,134,-1.89715
14,134,-1.89769
16,134,-1.89821
18,134,-1.89869
20,134,-1.89912
22,134,-1.8995
24,134,-1.89983
26,134,-1.90008
28,134,-1.90026
30,134,-1.90037
32,134,-1.90038
34,134,-1.9003
36,134,-1.90012
38,134,-1.89983
40,134,-1.89944
42,134,-1.89893
44,134,-1.8983
46,134,-1.89755
48,134,-1.89668
50,134,-1.89569
52,134,-1.89457
54,134,-1.89332
56,134,-1.89195
58,134,-1.89046
60,134,-1.88884
62,134,-1.8871
64,134,-1.88525
66,134,-1.88329
68,134,-1.88122
70,134,-1.87905
72,134,-1.87679
74,134,-1.87443
76,134,-1.872
78,134,-1.86949
80,134,-1.86691
82,134,-1.86428
84,134,-1.8616
86,134,-1.85888
88,134,-1.85614
90,134,-1.85338
92,134,-1.85061
94,134,-1.84785
96,134,-1.8451
98,134,-1.84238
100,134,-1.83969
102,134,-1.83706
104,134,-1.83449
106,134,-1.83199
108,134,-1.82957
110,134,-1.82725
112,134,-1.82503
114,134,-1.82292
116,134,-1.82094
118,134,-1.8191
120,134,-1.81739
122,134,-1.81584
124,134,-1.81444
126,134,-1.81321
128,134,-1.81215
130,134,-1.81126
132,134,-1.81055
134,134,-1.81002
136,134,-1.80968
138,134,-1.80952
140,134,-1.80954
142,134,-1.80975
144,134,-1.81013
146,134,-1.8107
148,134,-1.81144
150,134,-1.81235
152,134,-1.81342
154,134,-1.81464
156,134,-1.81601
158,134,-1.81752
160,134,-1.81916
162,134,-1.82092
164,134,-1.82279
166,134,-1.82476
168,134,-1.82682
170,134,-1.82895
172,134,-1.83115
174,134,-1.8334
176,134,-1.83569
178,134,-1.83801
180,134,-1.84035
-180,136,-2.22998
-178,136,-2.2322
-176,136,-2.23441
-174,136,-2.23662
-172,136,-2.23881
-170,136,-2.24097
-168,136,-2.2431
-166,136,-2.24518
-164,136,-2.24722
-162,136,-2.2492
-160,136,-2.25112
-158,136,-2.25298
-156,136,-2.25478
-154,136,-2.2565
-152,136,-2.25815
-150,136,-2.25973
-148,136,-2.26123
-146,136,-2.26265
-144,136,-2.264
-142,136,-2.26527
-140,136,-2.26646
-138,136,-2.26758
-136,136,-2.26863
-134,136,-2.2696
-132,136,-2.2705
-130,136,-2.27134
-128,136,-2.27211
-126,136,-2.27282
-124,136,-2.27347
-122,136,-2.27406
-120,136,-2.27461
-118,136,-2.2751
-116,136,-2.27555
-114,136,-2.27596
-112,136,-2.27633
-110,136,-2.27667
-108,136,-2.27698
-106,136,-2.27726
-104,136,-2.27752
-102,136,-2.27775
-100,136,-2.27797
-98,136,-2.27818
-96,136,-2.27837
-94,136,-2.27855
-92,136,-2.27872
-90,136,-2.27889
-88,136,-2.27904
-86,136,-2.2792
-84,136,-2.27935
-82,136,-2.27949
-80,136,-2.27963
-78,136,-2.27977
-76,136,-2.2799
-74,136,-2.28003
-72,136,-2.28015
-70,136,-2.28026
-68,136,-2.28037
-66,136,-2.28047
-64,136,-2.28057
-62,136,-2.28066
-60,136,-2.28074
-58,136,-2.28081
-56,136,-2.28087
-54,136,-2.28093
-52,136,-2.28098
-50,136,-2.28103
-48,136,-2.28107
-46,136,-2.28111
-44,136,-2.28115
-42,136,-2.28119
-40,136,-2.28123
-38,136,-2.28129
-36,136,-2.28135
-34,136,-2.28142
-32,136,-2.2815
-30,136,-2.28161
-28,136,-2.28173
-26,136,-2.28187
-24,136,-2.28204
-22,136,-2.28223
-20,136,-2.28244
-18,136,-2.28269
-16,136,-2.28296
-14,136,-2.28326
-12,136,-2.28359
-10,136,-2.28395
-8,136,-2.28433
-6,136,-2.28474
-4,136,-2.28517
-2,136,-2.28562
0,136,-2.28608
2,136,-2.28656
4,136,-2.28704
6,136,-2.28753
8,136,-2.28801
10,136,-2.28849
12,136,-2.28895
14,136,-2.28938
16,136,-2.2898
18,136,-2.29017
20,136,-2.29051
22,136,-2.29079
24,136,-2.29103
26,136,-2.2912
28,136,-2.2913
30,136,-2.29133
32,136,-2.29127
34,136,-2.29113
36,136,-2.2909
38,136,-2.29056
40,136,-2.29013
42,136,-2.28959
44,136,-2.28894
46,136,-2.28818
48,136,-2.2873
50,136,-2.28631
52,136,-2.28519
54,136,-2.28396
56,136,-2.28261
58,136,-2.28115
60,136,-2.27956
62,136,-2.27787
64,136,-2.27606
66,136,-2.27415
68,136,-2.27213
70,136,-2.27001
72,136,-2.26781
74,136,-2.26551
76,136,-2.26313
78,136,-2.26069
80,136,-2.25817
82,136,-2.2556
84,136,-2.25298
86,136,-2.25033
88,136,-2.24764
90,136,-2.24493
92,136,-2.24222
94,136,-2.2395
96,136,-2.2368
98,136,-2.23412
100,136,-2.23148
102,136,-2.22888
104,136,-2.22634
106,136,-2.22387
108,136,-2.22148
110,136,-2.21918
112,136,-2.21697
114,136,-2.21488
116,136,-2.21291
118,136,-2.21106
120,136,-2.20935
122,136,-2.20779
124,136,-2.20638
126,136,-2.20513
128,136,-2.20405
130,136,-2.20313
132,136,-2.20239
134,136,-2.20183
136,136,-2.20144
138,136,-2.20123
140,136,-2.2012
142,136,-2.20135
144,136,-2.20167
146,136,-2.20217
148,136,-2.20283
150,136,-2.20366
152,136,-2.20464
154,136,-2.20578
156,136,-2.20706
158,136,-2.20847
160,136,-2.21001
162,136,-2.21166
164,136,-2.21342
166,136,-2.21527
168,136,-2.21721
170,136,-2.21922
172,136,-2.22129
174,136,-2.22341
176,136,-2.22557
178,136,-2.22777
180,136,-2.22998
-180,138,-2.64194
-178,138,-2.64401
-176,138,-2.64608
-174,138,-2.64815
-172,138,-2.65019
-170,138,-2.65221
-168,138,-2.6542
-166,138,-2.65615
-164,138,-2.65805
-162,138,-2.65991
-160,138,-2.66171
-158,138,-2.66345
-156,138,-2.66513
-154,138,-2.66675
-152,138,-2.66831
-150,138,-2.66979
-148,138,-2.67122
-146,138,-2.67257
-144,138,-2.67385
-142,138,-2.67507
-140,138,-2.67623
-138,138,-2.67732
-136,138,-2.67834
-134,138,-2.67931
-132,138,-2.68022
-130,138,-2.68107
-128,138,-2.68187
-126,138,-2.68262
-124,138,-2.68332
-122,138,-2.68398
-120,138,-2.68459
-118,138,-2.68517
-116,138,-2.68572
-114,138,-2.68623
-112,138,-2.68671
-110,138,-2.68717
-108,138,-2.68761
-106,138,-2.68803
-104,138,-2.68843
-102,138,-2.68882
-100,138,-2.68919
-98,138,-2.68955
-96,138,-2.68991
-94,138,-2.69025
-92,138,-2.69059
-90,138,-2.69092
-88,138,-2.69125
-86,138,-2.69157
-84,138,-2.69188
-82,138,-2.69219
-80,138,-2.6925
-78,138,-2.69279
-76,138,-2.69308
-74,138,-2.69337
-72,138,-2.69364
-70,138,-2.6939
-68,138,-2.69415
-66,138,-2.69439
-64,138,-2.69462
-62,138,-2.69483
-60,138,-2.69503
-58,138,-2.69522
-56,138,-2.69539
-54,138,-2.69555
-52,138,-2.6957
-50,138,-2.69584
-48,138,-2.69596
-46,138,-2.69608
-44,138,-2.69619
-42,138,-2.69629
-40,138,-2.69639
-38,138,-2.69649
-36,138,-2.69659
-34,138,-2.69669
-32,138,-2.6968
-30,138,-2.69692
-28,138,-2.69705
-26,138,-2.69719
-24,138,-2.69735
-22,138,-2.69752
-20,138,-2.69771
-18,138,-2.69793
-16,138,-2.69816
-14,138,-2.69842
-12,138,-2.69869
-10,138,-2.69899
-8,138,-2.69931
-6,138,-2.69964
-4,138,-2.7
-2,138,-2.70036
0,138,-2.70074
2,138,-2.70113
4,138,-2.70152
6,138,-2.70191
8,138,-2.7023
10,138,-2.70267
12,138,-2.70304
14,138,-2.70338
16,138,-2.70369
18,138,-2.70397
20,138,-2.70422
22,138,-2.70441
24,138,-2.70456
26,138,-2.70465
28,138,-2.70468
30,138,-2.70463
32,138,-2.70452
34,138,-2.70432
36,138,-2.70403
38,138,-2.70366
40,138,-2.70319
42,138,-2.70262
44,138,-2.70195
46,138,-2.70117
48,138,-2.70029
50,138,-2.6993
52,138,-2.6982
54,138,-2.69698
56,138,-2.69566
58,138,-2.69422
60,138,-2.69267
62,138,-2.69102
64,138,-2.68926
66,138,-2.6874
68,138,-2.68543
70,138,-2.68338
72,138,-2.68123
74,138,-2.679
76,138,-2.67668
78,138,-2.6743
80,138,-2.67185
82,138,-2.66935
84,138,-2.6668
86,138,-2.6642
88,138,-2.66158
90,138,-2.65894
92,138,-2.65628
94,138,-2.65362
96,138,-2.65098
98,138,-2.64835
100,138,-2.64575
102,138,-2.6432
104,138,-2.6407
106,138,-2.63826
108,138,-2.6359
110,138,-2.63362
112,138,-2.63144
114,138,-2.62936
116,138,-2.6274
118,138,-2.62556
120,138,-2.62385
122,138,-2.62229
124,138,-2.62087
126,138,-2.6196
128,138,-2.61849
130,138,-2.61755
132,138,-2.61678
134,138,-2.61617
136,138,-2.61574
138,138,-2.61548
140,138,-2.61539
142,138,-2.61548
144,138,-2.61573
146,138,-2.61615
148,138,-2.61674
150,138,-2.61748
152,138,-2.61837
154,138,-2.61941
156,138,-2.62058
158,138,-2.62189
160,138,-2.62331
162,138,-2.62484
164,138,-2.62648
166,138,-2.6282
168,138,-2.63001
170,138,-2.63188
172,138,-2.63382
174,138,-2.6358
176,138,-2.63782
178,138,-2.63987
180,138,-2.64194
-180,140,-3.0775
-178,140,-3.07942
-176,140,-3.08133
-174,140,-3.08324
-172,140,-3.08513
-170,140,-3.08699
-168,140,-3.08883
-166,140,-3.09063
-164,140,-3.09239
-162,140,-3.0941
-160,140,-3.09577
-158,140,-3.09738
-156,140,-3.09894
-154,140,-3.10045
-152,140,-3.10189
-150,140,-3.10328
-148,140,-3.10461
-146,140,-3.10588
-144,140,-3.1071
-142,140,-3.10826
-140,140,-3.10936
-138,140,-3.11041
-136,140,-3.11141
-134,140,-3.11235
-132,140,-3.11326
-130,140,-3.11411
-128,140,-3.11493
-126,140,-3.11571
-124,140,-3.11645
-122,140,-3.11716
-120,140,-3.11784
-118,140,-3.11849
-116,140,-3.11912
-114,140,-3.11973
-112,140,-3.12031
-110,140,-3.12089
-108,140,-3.12144
-106,140,-3.12199
-104,140,-3.12252
-102,140,-3.12305
-100,140,-3.12357
-98,140,-3.12408
-96,140,-3.12459
-94,140,-3.12509
-92,140,-3.12559
-90,140,-3.12608
-88,140,-3.12657
-86,140,-3.12705
-84,140,-3.12753
-82,140,-3.128
-80,140,-3.12847
-78,140,-3.12892
-76,140,-3.12937
-74,140,-3.12981
-72,140,-3.13023
-70,140,-3.13064
-68,140,-3.13104
-66,140,-3.13142
-64,140,-3.13178
-62,140,-3.13213
-60,140,-3.13245
-58,140,-3.13276
-56,140,-3.13305
-54,140,-3.13332
-52,140,-3.13358
-50,140,-3.13381
-48,140,-3.13403
-46,140,-3.13423
-44,140,-3.13442
-42,140,-3.1346
-40,140,-3.13476
-38,140,-3.13492
-36,140,-3.13507
-34,140,-3.13522
-32,140,-3.13537
-30,140,-3.13551
-28,140,-3.13566
-26,140,-3.13582
-24,140,-3.13598
-22,140,-3.13615
-20,140,-3.13633
-18,140,-3.13653
-16,140,-3.13674
-14,140,-3.13696
-12,140,-3.1372
-10,140,-3.13745
-8,140,-3.13771
-6,140,-3.13799
-4,140,-3.13828
-2,140,-3.13858
0,140,-3.13889
2,140,-3.13919
4,140,-3.1395
6,140,-3.13981
8,140,-3.14011
10,140,-3.1404
12,140,-3.14068
14,140,-3.14093
16,140,-3.14116
18,140,-3.14135
20,140,-3.14151
22,140,-3.14163
24,140,-3.1417
26,140,-3.14171
28,140,-3.14167
30,140,-3.14156
32,140,-3.14138
34,140,-3.14113
36,140,-3.1408
38,140,-3.14039
40,140,-3.13989
42,140,-3.13929
44,140,-3.13861
46,140,-3.13782
48,140,-3.13694
50,140,-3.13595
52,140,-3.13486
54,140,-3.13366
56,140,-3.13236
58,140,-3.13096
60,140,-3.12945
62,140,-3.12784
64,140,-3.12613
66,140,-3.12432
68,140,-3.12241
70,140,-3.12042
72,140,-3.11833
74,140,-3.11617
76,140,-3.11393
78,140,-3.11161
80,140,-3.10924
82,140,-3.1068
84,140,-3.10432
86,140,-3.1018
88,140,-3.09925
90,140,-3.09667
92,140,-3.09408
94,140,-3.09149
96,140,-3.0889
98,140,-3.08633
100,140,-3.08379
102,140,-3.08128
104,140,-3.07883
106,140,-3.07643
108,140,-3.07411
110,140,-3.07186
112,140,-3.0697
114,140,-3.06765
116,140,-3.0657
118,140,-3.06387
120,140,-3.06217
122,140,-3.0606
124,140,-3.05918
126,140,-3.0579
128,140,-3.05677
130,140,-3.0558
132,140,-3.05499
134,140,-3.05434
136,140,-3.05386
138,140,-3.05355
140,140,-3.0534
142,140,-3.05342
144,140,-3.0536
146,140,-3.05394
148,140,-3.05444
150,140,-3.05508
152,140,-3.05587
154,140,-3.0568
156,140,-3.05786
158,140,-3.05905
160,140,-3.06035
162,140,-3.06175
164,140,-3.06325
166,140,-3.06484
168,140,-3.0665
170,140,-3.06823
172,140,-3.07001
174,140,-3.07184
176,140,-3.07371
178,140,-3.0756
180,140,-3.0775
-180,142,-3.53822
-178,142,-3.53997
-176,142,-3.54171
-174,142,-3.54344
-172,142,-3.54516
-170,142,-3.54686
-168,142,-3.54853
-166,142,-3.55017
-164,142,-3.55177
-162,142,-3.55334
-160,142,-3.55485
-158,142,-3.55633
-156,142,-3.55775
-154,142,-3.55913
-152,142,-3.56046
-150,142,-3.56173
-148,142,-3.56296
-146,142,-3.56414
-144,142,-3.56527
-142,142,-3.56636
-140,142,-3.5674
-138,142,-3.56839
-136,142,-3.56935
-134,142,-3.57027
-132,142,-3.57116
-130,142,-3.57201
-128,142,-3.57283
-126,142,-3.57363
-124,142,-3.5744
-122,142,-3.57515
-120,142,-3.57588
-118,142,-3.57659
-116,142,-3.57729
-114,142,-3.57798
-112,142,-3.57866
-110,142,-3.57933
-108,142,-3.58
-106,142,-3.58066
-104,142,-3.58132
-102,142,-3.58198
-100,142,-3.58263
-98,142,-3.58328
-96,142,-3.58394
-94,142,-3.58459
-92,142,-3.58524
-90,142,-3.58589
-88,142,-3.58653
-86,142,-3.58717
-84,142,-3.58781
-82,142,-3.58844
-80,142,-3.58906
-78,142,-3.58968
-76,142,-3.59028
-74,142,-3.59087
-72,142,-3.59145
-70,142,-3.59201
-68,142,-3.59255
-66,142,-3.59307
-64,142,-3.59357
-62,142,-3.59406
-60,142,-3.59452
-58,142,-3.59495
-56,142,-3.59537
-54,142,-3.59576
-52,142,-3.59612
-50,142,-3.59647
-48,142,-3.59679
-46,142,-3.59709
-44,142,-3.59737
-42,142,-3.59763
-40,142,-3.59787
-38,142,-3.5981
-36,142,-3.59832
-34,142,-3.59852
-32,142,-3.59872
-30,142,-3.59891
-28,142,-3.59909
-26,142,-3.59927
-24,142,-3.59946
-22,142,-3.59964
-20,142,-3.59983
-18,142,-3.60002
-16,142,-3.60022
-14,142,-3.60042
-12,142,-3.60063
-10,142,-3.60085
-8,142,-3.60108
-6,142,-3.60132
-4,142,-3.60155
-2,142,-3.6018
0,142,-3.60204
2,142,-3.60229
4,142,-3.60253
6,142,-3.60277
8,142,-3.60299
10,142,-3.60321
12,142,-3.6034
14,142,-3.60358
16,142,-3.60373
18,142,-3.60385
20,142,-3.60393
22,142,-3.60397
24,142,-3.60397
26,142,-3.60392
28,142,-3.60381
30,142,-3.60365
32,142,-3.60342
34,142,-3.60312
36,142,-3.60275
38,142,-3.6023
40,142,-3.60177
42,142,-3.60116
44,142,-3.60046
46,142,-3.59967
48,142,-3.59878
50,142,-3.5978
52,142,-3.59672
54,142,-3.59555
56,142,-3.59428
58,142,-3.59291
60,142,-3.59144
62,142,-3.58988
64,142,-3.58822
66,142,-3.58646
68,142,-3.58462
70,142,-3.58269
72,142,-3.58067
74,142,-3.57858
76,142,-3.57641
78,142,-3.57417
80,142,-3.57187
82,142,-3.56952
84,142,-3.56711
86,142,-3.56467
88,142,-3.56219
90,142,-3.55968
92,142,-3.55717
94,142,-3.55464
96,142,-3.55212
98,142,-3.54962
100,142,-3.54714
102,142,-3.54469
104,142,-3.54229
106,142,-3.53994
108,142,-3.53766
110,142,-3.53545
112,142,-3.53332
114,142,-3.5313
116,142,-3.52937
118,142,-3.52755
120,142,-3.52586
122,142,-3.52429
124,142,-3.52286
126,142,-3.52157
128,142,-3.52042
130,142,-3.51942
132,142,-3.51858
134,142,-3.51789
136,142,-3.51736
138,142,-3.51699
140,142,-3.51677
142,142,-3.51672
144,142,-3.51682
146,142,-3.51707
148,142,-3.51747
150,142,-3.51801
152,142,-3.5187
154,142,-3.51951
156,142,-3.52045
158,142,-3.5215
160,142,-3.52266
162,142,-3.52393
164,142,-3.52528
166,142,-3.52671
168,142,-3.52822
170,142,-3.52979
172,142,-3.53141
174,142,-3.53307
176,142,-3.53477
178,142,-3.53649
180,142,-3.53822
-180,144,-4.02595
-178,144,-4.02751
-176,144,-4.02907
-174,144,-4.03062
-172,144,-4.03215
-170,144,-4.03367
-168,144,-4.03516
-166,144,-4.03663
-164,144,-4.03806
-162,144,-4.03946
-160,144,-4.04082
-158,144,-4.04214
-156,144,-4.04342
-154,144,-4.04466
-152,144,-4.04585
-150,144,-4.04701
-148,144,-4.04812
-146,144,-4.0492
-144,144,-4.05023
-142,144,-4.05123
-140,144,-4.0522
-138,144,-4.05314
-136,144,-4.05404
-134,144,-4.05492
-132,144,-4.05578
-130,144,-4.05662
-128,144,-4.05743
-126,144,-4.05823
-124,144,-4.05902
-122,144,-4.0598
-120,144,-4.06057
-118,144,-4.06134
-116,144,-4.0621
-114,144,-4.06286
-112,144,-4.06362
-110,144,-4.06438
-108,144,-4.06514
-106,144,-4.06591
-104,144,-4.06668
-102,144,-4.06746
-100,144,-4.06824
-98,144,-4.06902
-96,144,-4.06981
-94,144,-4.07061
-92,144,-4.0714
-90,144,-4.0722
-88,144,-4.07299
-86,144,-4.07379
-84,144,-4.07458
-82,144,-4.07536
-80,144,-4.07614
-78,144,-4.07691
-76,144,-4.07767
-74,144,-4.07841
-72,144,-4.07914
-70,144,-4.07985
-68,144,-4.08054
-66,144,-4.08121
-64,144,-4.08186
-62,144,-4.08248
-60,144,-4.08308
-58,144,-4.08365
-56,144,-4.08419
-54,144,-4.08471
-52,144,-4.0852
-50,144,-4.08566
-48,144,-4.08609
-46,144,-4.0865
-44,144,-4.08688
-42,144,-4.08723
-40,144,-4.08757
-38,144,-4.08788
-36,144,-4.08817
-34,144,-4.08845
-32,144,-4.08871
-30,144,-4.08895
-28,144,-4.08919
-26,144,-4.08941
-24,144,-4.08963
-22,144,-4.08984
-20,144,-4.09004
-18,144,-4.09025
-16,144,-4.09045
-14,144,-4.09065
-12,144,-4.09086
-10,144,-4.09106
-8,144,-4.09126
-6,144,-4.09147
-4,144,-4.09167
-2,144,-4.09187
0,144,-4.09207
2,144,-4.09226
4,144,-4.09245
6,144,-4.09263
8,144,-4.09279
10,144,-4.09294
12,144,-4.09307
14,144,-4.09318
16,144,-4.09326
18,144,-4.09332
20,144,-4.09333
22,144,-4.09332
24,144,-4.09325
26,144,-4.09314
28,144,-4.09298
30,144,-4.09277
32,144,-4.09249
34,144,-4.09215
36,144,-4.09175
38,144,-4.09127
40,144,-4.09072
42,144,-4.09009
44,144,-4.08938
46,144,-4.08858
48,144,-4.0877
50,144,-4.08673
52,144,-4.08568
54,144,-4.08453
56,144,-4.08329
58,144,-4.08195
60,144,-4.08053
62,144,-4.07901
64,144,-4.07741
66,144,-4.07571
68,144,-4.07393
70,144,-4.07207
72,144,-4.07013
74,144,-4.06811
76,144,-4.06601
78,144,-4.06386
80,144,-4.06164
82,144,-4.05936
84,144,-4.05704
86,144,-4.05468
88,144,-4.05228
90,144,-4.04986
92,144,-4.04742
94,144,-4.04497
96,144,-4.04253
98,144,-4.04009
100,144,-4.03768
102,144,-4.03529
104,144,-4.03295
106,144,-4.03066
108,144,-4.02842
110,144,-4.02626
112,144,-4.02417
114,144,-4.02217
116,144,-4.02027
118,144,-4.01848
120,144,-4.01679
122,144,-4.01523
124,144,-4.01379
126,144,-4.01249
128,144,-4.01132
130,144,-4.01029
132,144,-4.00941
134,144,-4.00868
136,144,-4.0081
138,144,-4.00766
140,144,-4.00738
142,144,-4.00725
144,144,-4.00726
146,144,-4.00741
148,144,-4.00771
150,144,-4.00814
152,144,-4.00871
154,144,-4.00939
156,144,-4.01019
158,144,-4.01111
160,144,-4.01212
162,144,-4.01323
164,144,-4.01442
166,144,-4.01569
168,144,-4.01703
170,144,-4.01842
172,144,-4.01987
174,144,-4.02135
176,144,-4.02286
178,144,-4.0244
180,144,-4.02595
-180,146,-4.54295
-178,146,-4.54431
-176,146,-4.54567
-174,146,-4.54702
-172,146,-4.54836
-170,146,-4.54969
-168,146,-4.55099
-166,146,-4.55227
-164,146,-4.55352
-162,146,-4.55474
-160,146,-4.55593
-158,146,-4.55708
-156,146,-4.55821
-154,146,-4.55929
-152,146,-4.56035
-150,146,-4.56137
-148,146,-4.56236
-146,146,-4.56332
-144,146,-4.56425
-142,146,-4.56516
-140,146,-4.56604
-138,146,-4.56691
-136,146,-4.56775
-134,146,-4.56858
-132,146,-4.5694
-130,146,-4.5702
-128,146,-4.571
-126,146,-4.5718
-124,146,-4.57259
-122,146,-4.57339
-120,146,-4.57419
-118,146,-4.57499
-116,146,-4.5758
-114,146,-4.57662
-112,146,-4.57745
-110,146,-4.57829
-108,146,-4.57914
-106,146,-4.58
-104,146,-4.58087
-102,146,-4.58176
-100,146,-4.58265
-98,146,-4.58356
-96,146,-4.58448
-94,146,-4.5854
-92,146,-4.58633
-90,146,-4.58727
-88,146,-4.58821
-86,146,-4.58915
-84,146,-4.59009
-82,146,-4.59103
-80,146,-4.59196
-78,146,-4.59288
-76,146,-4.59379
-74,146,-4.59468
-72,146,-4.59556
-70,146,-4.59643
-68,146,-4.59727
-66,146,-4.59809
-64,146,-4.59888
-62,146,-4.59965
-60,146,-4.60039
-58,146,-4.6011
-56,146,-4.60178
-54,146,-4.60243
-52,146,-4.60305
-50,146,-4.60364
-48,146,-4.60419
-46,146,-4.60472
-44,146,-4.60521
-42,146,-4.60567
-40,146,-4.60611
-38,146,-4.60652
-36,146,-4.6069
-34,146,-4.60726
-32,146,-4.60759
-30,146,-4.60791
-28,146,-4.6082
-26,146,-4.60849
-24,146,-4.60875
-22,146,-4.609
-20,146,-4.60924
-18,146,-4.60948
-16,146,-4.6097
-14,146,-4.60991
-12,146,-4.61012
-10,146,-4.61032
-8,146,-4.61052
-6,146,-4.6107
-4,146,-4.61089
-2,146,-4.61106
0,146,-4.61123
2,146,-4.61139
4,146,-4.61153
6,146,-4.61166
8,146,-4.61178
10,146,-4.61188
12,146,-4.61196
14,146,-4.61201
16,146,-4.61204
18,146,-4.61204
20,146,-4.612
22,146,-4.61193
24,146,-4.61182
26,146,-4.61166
28,146,-4.61145
30,146,-4.6112
32,146,-4.61088
34,146,-4.61051
36,146,-4.61008
38,146,-4.60958
40,146,-4.60901
42,146,-4.60837
44,146,-4.60765
46,146,-4.60686
48,146,-4.60599
50,146,-4.60503
52,146,-4.604
54,146,-4.60288
56,146,-4.60167
58,146,-4.60038
60,146,-4.599
62,146,-4.59754
64,146,-4.59599
66,146,-4.59436
68,146,-4.59264
70,146,-4.59085
72,146,-4.58898
74,146,-4.58704
76,146,-4.58503
78,146,-4.58296
80,146,-4.58082
82,146,-4.57863
84,146,-4.5764
86,146,-4.57412
88,146,-4.57181
90,146,-4.56948
92,146,-4.56712
94,146,-4.56476
96,146,-4.56239
98,146,-4.56003
100,146,-4.55769
102,146,-4.55538
104,146,-4.5531
106,146,-4.55086
108,146,-4.54869
110,146,-4.54657
112,146,-4.54453
114,146,-4.54256
116,146,-4.54069
118,146,-4.53891
120,146,-4.53724
122,146,-4.53569
124,146,-4.53425
126,146,-4.53293
128,146,-4.53174
130,146,-4.53069
132,146,-4.52977
134,146,-4.52899
136,146,-4.52835
138,146,-4.52785
140,146,-4.52749
142,146,-4.52727
144,146,-4.52719
146,146,-4.52724
148,146,-4.52742
150,146,-4.52773
152,146,-4.52817
154,146,-4.52872
156,146,-4.52937
158,146,-4.53013
160,146,-4.53099
162,146,-4.53193
164,146,-4.53295
166,146,-4.53404
168,146,-4.53519
170,146,-4.5364
172,146,-4.53765
174,146,-4.53894
176,146,-4.54026
178,146,-4.5416
180,146,-4.54295
-180,148,-5.09199
-178,148,-5.09313
-176,148,-5.09428
-174,148,-5.09542
-172,148,-5.09655
-170,148,-5.09767
-168,148,-5.09877
-166,148,-5.09985
-164,148,-5.10091
-162,148,-5.10194
-160,148,-5.10295
-158,148,-5.10393
-156,148,-5.10488
-154,148,-5.10581
-152,148,-5.10671
-150,148,-5.10759
-148,148,-5.10844
-146,148,-5.10928
-144,148,-5.11009
-142,148,-5.11089
-140,148,-5.11168
-138,148,-5.11246
-136,148,-5.11323
-134,148,-5.114
-132,148,-5.11477
-130,148,-5.11553
-128,148,-5.11631
-126,148,-5.11708
-124,148,-5.11787
-122,148,-5.11867
-120,148,-5.11949
-118,148,-5.12032
-116,148,-5.12117
-114,148,-5.12203
-112,148,-5.12292
-110,148,-5.12382
-108,148,-5.12475
-106,148,-5.12569
-104,148,-5.12666
-102,148,-5.12764
-100,148,-5.12864
-98,148,-5.12966
-96,148,-5.13069
-94,148,-5.13174
-92,148,-5.1328
-90,148,-5.13387
-88,148,-5.13495
-86,148,-5.13603
-84,148,-5.13711
-82,148,-5.1382
-80,148,-5.13927
-78,148,-5.14035
-76,148,-5.14141
-74,148,-5.14246
-72,148,-5.14349
-70,148,-5.14451
-68,148,-5.1455
-66,148,-5.14647
-64,148,-5.14742
-62,148,-5.14834
-60,148,-5.14923
-58,148,-5.15008
-56,148,-5.15091
-54,148,-5.1517
-52,148,-5.15245
-50,148,-5.15318
-48,148,-5.15386
-46,148,-5.15451
-44,148,-5.15513
-42,148,-5.15571
-40,148,-5.15626
-38,148,-5.15678
-36,148,-5.15726
-34,148,-5.15771
-32,148,-5.15814
-30,148,-5.15854
-28,148,-5.15892
-26,148,-5.15927
-24,148,-5.1596
-22,148,-5.1599
-20,148,-5.1602
-18,148,-5.16047
-16,148,-5.16073
-14,148,-5.16097
-12,148,-5.1612
-10,148,-5.16141
-8,148,-5.16161
-6,148,-5.1618
-4,148,-5.16198
-2,148,-5.16214
0,148,-5.16229
2,148,-5.16243
4,148,-5.16255
6,148,-5.16265
8,148,-5.16273
10,148,-5.1628
12,148,-5.16284
14,148,-5.16285
16,148,-5.16284
18,148,-5.16279
20,148,-5.16272
22,148,-5.1626
24,148,-5.16245
26,148,-5.16226
28,148,-5.16201
30,148,-5.16173
32,148,-5.16138
34,148,-5.16099
36,148,-5.16053
38,148,-5.16002
40,148,-5.15944
42,148,-5.1588
44,148,-5.15808
46,148,-5.1573
48,148,-5.15644
50,148,-5.15551
52,148,-5.1545
54,148,-5.15341
56,148,-5.15224
58,148,-5.15099
60,148,-5.14966
62,148,-5.14825
64,148,-5.14677
66,148,-5.1452
68,148,-5.14356
70,148,-5.14184
72,148,-5.14005
74,148,-5.13819
76,148,-5.13626
78,148,-5.13427
80,148,-5.13223
82,148,-5.13013
84,148,-5.12798
86,148,-5.1258
88,148,-5.12358
90,148,-5.12133
92,148,-5.11907
94,148,-5.11679
96,148,-5.11451
98,148,-5.11224
100,148,-5.10997
102,148,-5.10773
104,148,-5.10552
106,148,-5.10335
108,148,-5.10123
110,148,-5.09917
112,148,-5.09717
114,148,-5.09525
116,148,-5.0934
118,148,-5.09165
120,148,-5.09
122,148,-5.08844
124,148,-5.087
126,148,-5.08567
128,148,-5.08446
130,148,-5.08338
132,148,-5.08242
134,148,-5.08158
136,148,-5.08088
138,148,-5.08031
140,148,-5.07987
142,148,-5.07956
144,148,-5.07937
146,148,-5.07932
148,148,-5.07938
150,148,-5.07956
152,148,-5.07985
154,148,-5.08025
156,148,-5.08075
158,148,-5.08134
160,148,-5.08202
162,148,-5.08279
164,148,-5.08362
166,148,-5.08452
168,148,-5.08548
170,148,-5.08648
172,148,-5.08753
174,148,-5.08861
176,148,-5.08972
178,148,-5.09085
180,148,-5.09199
-180,150,-5.67645
-178,150,-5.67737
-176,150,-5.67829
-174,150,-5.67921
-172,150,-5.68012
-170,150,-5.68101
-168,150,-5.6819
-166,150,-5.68277
-164,150,-5.68362
-162,150,-5.68445
-160,150,-5.68526
-158,150,-5.68606
-156,150,-5.68683
-154,150,-5.68759
-152,150,-5.68832
-150,150,-5.68905
-148,150,-5.68976
-146,150,-5.69046
-144,150,-5.69115
-142,150,-5.69183
-140,150,-5.69252
-138,150,-5.6932
-136,150,-5.69389
-134,150,-5.69458
-132,150,-5.69529
-130,150,-5.696
-128,150,-5.69674
-126,150,-5.69749
-124,150,-5.69826
-122,150,-5.69905
-120,150,-5.69987
-118,150,-5.70072
-116,150,-5.70159
-114,150,-5.70249
-112,150,-5.70342
-110,150,-5.70438
-108,150,-5.70537
-106,150,-5.70638
-104,150,-5.70743
-102,150,-5.7085
-100,150,-5.7096
-98,150,-5.71072
-96,150,-5.71186
-94,150,-5.71303
-92,150,-5.71421
-90,150,-5.7154
-88,150,-5.71661
-86,150,-5.71783
-84,150,-5.71905
-82,150,-5.72027
-80,150,-5.7215
-78,150,-5.72272
-76,150,-5.72393
-74,150,-5.72513
-72,150,-5.72632
-70,150,-5.72749
-68,150,-5.72863
-66,150,-5.72976
-64,150,-5.73086
-62,150,-5.73193
-60,150,-5.73298
-58,150,-5.73399
-56,150,-5.73496
-54,150,-5.7359
-52,150,-5.73681
-50,150,-5.73767
-48,150,-5.7385
-46,150,-5.73929
-44,150,-5.74004
-42,150,-5.74075
-40,150,-5.74142
-38,150,-5.74206
-36,150,-5.74266
-34,150,-5.74323
-32,150,-5.74376
-30,150,-5.74425
-28,150,-5.74472
-26,150,-5.74516
-24,150,-5.74557
-22,150,-5.74595
-20,150,-5.7463
-18,150,-5.74664
-16,150,-5.74694
-14,150,-5.74723
-12,150,-5.7475
-10,150,-5.74774
-8,150,-5.74797
-6,150,-5.74818
-4,150,-5.74837
-2,150,-5.74853
0,150,-5.74868
2,150,-5.74882
4,150,-5.74893
6,150,-5.74901
8,150,-5.74908
10,150,-5.74912
12,150,-5.74914
14,150,-5.74913
16,150,-5.74909
18,150,-5.74902
20,150,-5.74891
22,150,-5.74877
24,150,-5.74859
26,150,-5.74837
28,150,-5.74811
30,150,-5.7478
32,150,-5.74744
34,150,-5.74703
36,150,-5.74656
38,150,-5.74604
40,150,-5.74546
42,150,-5.74482
44,150,-5.74412
46,150,-5.74334
48,150,-5.74251
50,150,-5.7416
52,150,-5.74062
54,150,-5.73956
56,150,-5.73844
58,150,-5.73724
60,150,-5.73596
62,150,-5.73461
64,150,-5.73319
66,150,-5.73169
68,150,-5.73012
70,150,-5.72848
72,150,-5.72677
74,150,-5.72499
76,150,-5.72315
78,150,-5.72125
80,150,-5.7193
82,150,-5.71729
84,150,-5.71524
86,150,-5.71315
88,150,-5.71103
90,150,-5.70888
92,150,-5.7067
94,150,-5.70452
96,150,-5.70233
98,150,-5.70014
100,150,-5.69795
102,150,-5.69579
104,150,-5.69365
106,150,-5.69155
108,150,-5.68949
110,150,-5.68748
112,150,-5.68553
114,150,-5.68365
116,150,-5.68184
118,150,-5.68011
120,150,-5.67847
122,150,-5.67692
124,150,-5.67548
126,150,-5.67413
128,150,-5.6729
130,150,-5.67178
132,150,-5.67077
134,150,-5.66988
136,150,-5.66911
138,150,-5.66846
140,150,-5.66793
142,150,-5.66752
144,150,-5.66722
146,150,-5.66704
148,150,-5.66697
150,150,-5.66701
152,150,-5.66715
154,150,-5.66739
156,150,-5.66772
158,150,-5.66813
160,150,-5.66863
162,150,-5.6692
164,150,-5.66983
166,150,-5.67053
168,150,-5.67127
170,150,-5.67206
172,150,-5.67289
174,150,-5.67375
176,150,-5.67463
178,150,-5.67554
180,150,-5.67645
-180,152,-6.30054
-178,152,-6.30122
-176,152,-6.3019
-174,152,-6.30258
-172,152,-6.30325
-170,152,-6.30392
-168,152,-6.30458
-166,152,-6.30522
-164,152,-6.30586
-162,152,-6.30648
-160,152,-6.30708
-158,152,-6.30768
-156,152,-6.30826
-154,152,-6.30883
-152,152,-6.3094
-150,152,-6.30996
-148,152,-6.31051
-146,152,-6.31106
-144,152,-6.31162
-142,152,-6.31218
-140,152,-6.31274
-138,152,-6.31332
-136,152,-6.31392
-134,152,-6.31453
-132,152,-6.31516
-130,152,-6.31582
-128,152,-6.3165
-126,152,-6.31721
-124,152,-6.31795
-122,152,-6.31873
-120,152,-6.31954
-118,152,-6.32039
-116,152,-6.32127
-114,152,-6.3222
-112,152,-6.32316
-110,152,-6.32416
-108,152,-6.3252
-106,152,-6.32628
-104,152,-6.3274
-102,152,-6.32855
-100,152,-6.32973
-98,152,-6.33094
-96,152,-6.33219
-94,152,-6.33346
-92,152,-6.33475
-90,152,-6.33607
-88,152,-6.3374
-86,152,-6.33874
-84,152,-6.3401
-82,152,-6.34146
-80,152,-6.34283
-78,152,-6.34419
-76,152,-6.34556
-74,152,-6.34691
-72,152,-6.34825
-70,152,-6.34957
-68,152,-6.35088
-66,152,-6.35217
-64,152,-6.35343
-62,152,-6.35466
-60,152,-6.35586
-58,152,-6.35703
-56,152,-6.35816
-54,152,-6.35926
-52,152,-6.36032
-50,152,-6.36134
-48,152,-6.36232
-46,152,-6.36326
-44,152,-6.36415
-42,152,-6.36501
-40,152,-6.36582
-38,152,-6.36659
-36,152,-6.36732
-34,152,-6.36801
-32,152,-6.36866
-30,152,-6.36927
-28,152,-6.36985
-26,152,-6.37038
-24,152,-6.37089
-22,152,-6.37136
-20,152,-6.3718
-18,152,-6.3722
-16,152,-6.37258
-14,152,-6.37293
-12,152,-6.37325
-10,152,-6.37355
-8,152,-6.37382
-6,152,-6.37406
-4,152,-6.37428
-2,152,-6.37447
0,152,-6.37464
2,152,-6.37478
4,152,-6.3749
6,152,-6.37499
8,152,-6.37506
10,152,-6.3751
12,152,-6.37511
14,152,-6.37509
16,152,-6.37504
18,152,-6.37496
20,152,-6.37484
22,152,-6.37469
24,152,-6.37449
26,152,-6.37426
28,152,-6.37399
30,152,-6.37367
32,152,-6.37331
34,152,-6.37289
36,152,-6.37243
38,152,-6.37191
40,152,-6.37134
42,152,-6.37071
44,152,-6.37002
46,152,-6.36927
48,152,-6.36846
50,152,-6.36758
52,152,-6.36664
54,152,-6.36563
56,152,-6.36455
58,152,-6.3634
60,152,-6.36218
62,152,-6.36089
64,152,-6.35953
66,152,-6.3581
68,152,-6.35661
70,152,-6.35504
72,152,-6.35342
74,152,-6.35173
76,152,-6.34998
78,152,-6.34817
80,152,-6.34631
82,152,-6.3444
84,152,-6.34245
86,152,-6.34045
88,152,-6.33842
90,152,-6.33637
92,152,-6.33429
94,152,-6.3322
96,152,-6.33009
98,152,-6.32799
100,152,-6.32589
102,152,-6.32381
104,152,-6.32175
106,152,-6.31971
108,152,-6.31771
110,152,-6.31576
112,152,-6.31386
114,152,-6.31201
116,152,-6.31023
118,152,-6.30853
120,152,-6.3069
122,152,-6.30536
124,152,-6.3039
126,152,-6.30254
128,152,-6.30128
130,152,-6.30011
132,152,-6.29905
134,152,-6.2981
136,152,-6.29726
138,152,-6.29652
140,152,-6.29589
142,152,-6.29537
144,152,-6.29495
146,152,-6.29464
148,152,-6.29442
150,152,-6.29431
152,152,-6.29428
154,152,-6.29434
156,152,-6.29449
158,152,-6.29471
160,152,-6.29501
162,152,-6.29537
164,152,-6.29579
166,152,-6.29627
168,152,-6.29679
170,152,-6.29735
172,152,-6.29794
174,152,-6.29856
176,152,-6.29921
178,152,-6.29987
180,152,-6.30054
-180,154,-6.96951
-178,154,-6.96993
-176,154,-6.97036
-174,154,-6.97078
-172,154,-6.97121
-170,154,-6.97163
-168,154,-6.97205
-166,154,-6.97246
-164,154,-6.97286
-162,154,-6.97326
-160,154,-6.97365
-158,154,-6.97403
-156,154,-6.97441
-154,154,-6.97479
-152,154,-6.97517
-150,154,-6.97555
-148,154,-6.97594
-146,154,-6.97634
-144,154,-6.97674
-142,154,-6.97717
-140,154,-6.97761
-138,154,-6.97807
-136,154,-6.97856
-134,154,-6.97908
-132,154,-6.97963
-130,154,-6.98021
-128,154,-6.98083
-126,154,-6.98149
-124,154,-6.9822
-122,154,-6.98294
-120,154,-6.98374
-118,154,-6.98458
-116,154,-6.98546
-114,154,-6.9864
-112,154,-6.98739
-110,154,-6.98842
-108,154,-6.9895
-106,154,-6.99063
-104,154,-6.99181
-102,154,-6.99303
-100,154,-6.99429
-98,154,-6.99559
-96,154,-6.99692
-94,154,-6.99829
-92,154,-6.99969
-90,154,-7.00112
-88,154,-7.00257
-86,154,-7.00404
-84,154,-7.00553
-82,154,-7.00703
-80,154,-7.00853
-78,154,-7.01004
-76,154,-7.01155
-74,154,-7.01306
-72,154,-7.01455
-70,154,-7.01603
-68,154,-7.0175
-66,154,-7.01895
-64,154,-7.02037
-62,154,-7.02177
-60,154,-7.02314
-58,154,-7.02447
-56,154,-7.02578
-54,154,-7.02704
-52,154,-7.02826
-50,154,-7.02945
-48,154,-7.03059
-46,154,-7.03169
-44,154,-7.03274
-42,154,-7.03375
-40,154,-7.03472
-38,154,-7.03564
-36,154,-7.03651
-34,154,-7.03734
-32,154,-7.03813
-30,154,-7.03887
-28,154,-7.03957
-26,154,-7.04023
-24,154,-7.04085
-22,154,-7.04142
-20,154,-7.04196
-18,154,-7.04247
-16,154,-7.04293
-14,154,-7.04336
-12,154,-7.04376
-10,154,-7.04412
-8,154,-7.04445
-6,154,-7.04475
-4,154,-7.04502
-2,154,-7.04526
0,154,-7.04547
2,154,-7.04564
4,154,-7.04579
6,154,-7.04591
8,154,-7.04599
10,154,-7.04605
12,154,-7.04607
14,154,-7.04606
16,154,-7.04602
18,154,-7.04594
20,154,-7.04583
22,154,-7.04568
24,154,-7.0455
26,154,-7.04527
28,154,-7.045
30,154,-7.04469
32,154,-7.04433
34,154,-7.04393
36,154,-7.04348
38,154,-7.04298
40,154,-7.04242
42,154,-7.04181
44,154,-7.04115
46,154,-7.04043
48,154,-7.03965
50,154,-7.03881
52,154,-7.03791
54,154,-7.03694
56,154,-7.03591
58,154,-7.03482
60,154,-7.03366
62,154,-7.03244
64,154,-7.03115
66,154,-7.0298
68,154,-7.02838
70,154,-7.02689
72,154,-7.02535
74,154,-7.02375
76,154,-7.02209
78,154,-7.02037
80,154,-7.01861
82,154,-7.01679
84,154,-7.01493
86,154,-7.01304
88,154,-7.01111
90,154,-7.00914
92,154,-7.00716
94,154,-7.00516
96,154,-7.00315
98,154,-7.00113
100,154,-6.99911
102,154,-6.99711
104,154,-6.99512
106,154,-6.99315
108,154,-6.99121
110,154,-6.98931
112,154,-6.98745
114,154,-6.98564
116,154,-6.98389
118,154,-6.9822
120,154,-6.98058
122,154,-6.97904
124,154,-6.97757
126,154,-6.97618
128,154,-6.97488
130,154,-6.97367
132,154,-6.97255
134,154,-6.97153
136,154,-6.97059
138,154,-6.96976
140,154,-6.96902
142,154,-6.96838
144,154,-6.96782
146,154,-6.96736
148,154,-6.96699
150,154,-6.96671
152,154,-6.96651
154,154,-6.96638
156,154,-6.96633
158,154,-6.96634
160,154,-6.96642
162,154,-6.96656
164,154,-6.96675
166,154,-6.96699
168,154,-6.96727
170,154,-6.96758
172,154,-6.96793
174,154,-6.9683
176,154,-6.96868
178,154,-6.96909
180,154,-6.96951
-180,156,-7.68998
-178,156,-7.69013
-176,156,-7.69029
-174,156,-7.69045
-172,156,-7.69061
-170,156,-7.69077
-168,156,-7.69093
-166,156,-7.69109
-164,156,-7.69125
-162,156,-7.69141
-160,156,-7.69157
-158,156,-7.69173
-156,156,-7.6919
-154,156,-7.69207
-152,156,-7.69226
-150,156,-7.69245
-148,156,-7.69266
-146,156,-7.69289
-144,156,-7.69314
-142,156,-7.69342
-140,156,-7.69372
-138,156,-7.69406
-136,156,-7.69443
-134,156,-7.69485
-132,156,-7.6953
-130,156,-7.6958
-128,156,-7.69635
-126,156,-7.69695
-124,156,-7.69761
-122,156,-7.69831
-120,156,-7.69908
-118,156,-7.6999
-116,156,-7.70078
-114,156,-7.70172
-112,156,-7.70272
-110,156,-7.70378
-108,156,-7.70489
-106,156,-7.70606
-104,156,-7.70729
-102,156,-7.70857
-100,156,-7.70989
-98,156,-7.71127
-96,156,-7.71269
-94,156,-7.71415
-92,156,-7.71566
-90,156,-7.71719
-88,156,-7.71876
-86,156,-7.72035
-84,156,-7.72196
-82,156,-7.72359
-80,156,-7.72524
-78,156,-7.72689
-76,156,-7.72855
-74,156,-7.73021
-72,156,-7.73186
-70,156,-7.73351
-68,156,-7.73514
-66,156,-7.73676
-64,156,-7.73835
-62,156,-7.73992
-60,156,-7.74146
-58,156,-7.74297
-56,156,-7.74445
-54,156,-7.74589
-52,156,-7.74729
-50,156,-7.74866
-48,156,-7.74997
-46,156,-7.75125
-44,156,-7.75247
-42,156,-7.75365
-40,156,-7.75479
-38,156,-7.75587
-36,156,-7.75691
-34,156,-7.7579
-32,156,-7.75884
-30,156,-7.75973
-28,156,-7.76057
-26,156,-7.76137
-24,156,-7.76212
-22,156,-7.76283
-20,156,-7.76349
-18,156,-7.76411
-16,156,-7.76469
-14,156,-7.76522
-12,156,-7.76572
-10,156,-7.76617
-8,156,-7.76659
-6,156,-7.76697
-4,156,-7.76731
-2,156,-7.76761
0,156,-7.76788
2,156,-7.76812
4,156,-7.76832
6,156,-7.76848
8,156,-7.76861
10,156,-7.7687
12,156,-7.76876
14,156,-7.76878
16,156,-7.76877
18,156,-7.76872
20,156,-7.76863
22,156,-7.76851
24,156,-7.76834
26,156,-7.76814
28,156,-7.76789
30,156,-7.7676
32,156,-7.76727
34,156,-7.76689
36,156,-7.76647
38,156,-7.76599
40,156,-7.76547
42,156,-7.76489
44,156,-7.76427
46,156,-7.76359
48,156,-7.76285
50,156,-7.76205
52,156,-7.7612
54,156,-7.76029
56,156,-7.75932
58,156,-7.75828
60,156,-7.75719
62,156,-7.75603
64,156,-7.75481
66,156,-7.75354
68,156,-7.7522
70,156,-7.75079
72,156,-7.74934
74,156,-7.74782
76,156,-7.74625
78,156,-7.74462
80,156,-7.74295
82,156,-7.74123
84,156,-7.73947
86,156,-7.73766
88,156,-7.73583
90,156,-7.73396
92,156,-7.73207
94,156,-7.73015
96,156,-7.72823
98,156,-7.72629
100,156,-7.72435
102,156,-7.72242
104,156,-7.7205
106,156,-7.71859
108,156,-7.71671
110,156,-7.71485
112,156,-7.71303
114,156,-7.71126
116,156,-7.70952
118,156,-7.70784
120,156,-7.70622
122,156,-7.70466
124,156,-7.70317
126,156,-7.70175
128,156,-7.7004
130,156,-7.69913
132,156,-7.69794
134,156,-7.69683
136,156,-7.6958
138,156,-7.69485
140,156,-7.69399
142,156,-7.69321
144,156,-7.69251
146,156,-7.69189
148,156,-7.69134
150,156,-7.69087
152,156,-7.69047
154,156,-7.69014
156,156,-7.68987
158,156,-7.68967
160,156,-7.68951
162,156,-7.68941
164,156,-7.68935
166,156,-7.68933
168,156,-7.68935
170,156,-7.6894
172,156,-7.68948
174,156,-7.68958
176,156,-7.6897
178,156,-7.68983
180,156,-7.68998
-180,158,-8.47044
-178,158,-8.47031
-176,158,-8.47018
-174,158,-8.47005
-172,158,-8.46994
-170,158,-8.46982
-168,158,-8.46971
-166,158,-8.46961
-164,158,-8.46951
-162,158,-8.46942
-160,158,-8.46933
-158,158,-8.46926
-156,158,-8.4692
-154,158,-8.46915
-152,158,-8.46913
-150,158,-8.46912
-148,158,-8.46914
-146,158,-8.46919
-144,158,-8.46928
-142,158,-8.46939
-140,158,-8.46955
-138,158,-8.46975
-136,158,-8.47
-134,158,-8.4703
-132,158,-8.47065
-130,158,-8.47106
-128,158,-8.47152
-126,158,-8.47205
-124,158,-8.47265
-122,158,-8.47331
-120,158,-8.47403
-118,158,-8.47483
-116,158,-8.47569
-114,158,-8.47662
-112,158,-8.47763
-110,158,-8.4787
-108,158,-8.47983
-106,158,-8.48104
-104,158,-8.48231
-102,158,-8.48364
-100,158,-8.48503
-98,158,-8.48648
-96,158,-8.48798
-94,158,-8.48953
-92,158,-8.49112
-90,158,-8.49276
-88,158,-8.49444
-86,158,-8.49615
-84,158,-8.49789
-82,158,-8.49966
-80,158,-8.50144
-78,158,-8.50324
-76,158,-8.50505
-74,158,-8.50687
-72,158,-8.50869
-70,158,-8.5105
-68,158,-8.5123
-66,158,-8.51409
-64,158,-8.51587
-62,158,-8.51762
-60,158,-8.51934
-58,158,-8.52104
-56,158,-8.52271
-54,158,-8.52434
-52,158,-8.52593
-50,158,-8.52749
-48,158,-8.529
-46,158,-8.53046
-44,158,-8.53188
-42,158,-8.53325
-40,158,-8.53457
-38,158,-8.53584
-36,158,-8.53706
-34,158,-8.53823
-32,158,-8.53934
-30,158,-8.5404
-28,158,-8.54142
-26,158,-8.54238
-24,158,-8.54329
-22,158,-8.54415
-20,158,-8.54496
-18,158,-8.54572
-16,158,-8.54643
-14,158,-8.54709
-12,158,-8.54771
-10,158,-8.54829
-8,158,-8.54882
-6,158,-8.5493
-4,158,-8.54974
-2,158,-8.55014
0,158,-8.5505
2,158,-8.55082
4,158,-8.55109
6,158,-8.55133
8,158,-8.55153
10,158,-8.55169
12,158,-8.55181
14,158,-8.55189
16,158,-8.55193
18,158,-8.55193
20,158,-8.55189
22,158,-8.55181
24,158,-8.55169
26,158,-8.55153
28,158,-8.55132
30,158,-8.55108
32,158,-8.55079
34,158,-8.55045
36,158,-8.55007
38,158,-8.54964
40,158,-8.54916
42,158,-8.54863
44,158,-8.54805
46,158,-8.54742
48,158,-8.54673
50,158,-8.54599
52,158,-8.54519
54,158,-8.54434
56,158,-8.54343
58,158,-8.54246
60,158,-8.54144
62,158,-8.54035
64,158,-8.53921
66,158,-8.53801
68,158,-8.53674
70,158,-8.53542
72,158,-8.53405
74,158,-8.53262
76,158,-8.53113
78,158,-8.5296
80,158,-8.52801
82,158,-8.52638
84,158,-8.52471
86,158,-8.523
88,158,-8.52125
90,158,-8.51947
92,158,-8.51766
94,158,-8.51583
96,158,-8.51398
98,158,-8.51212
100,158,-8.51025
102,158,-8.50838
104,158,-8.50652
106,158,-8.50466
108,158,-8.50282
110,158,-8.50101
112,158,-8.49921
114,158,-8.49745
116,158,-8.49573
118,158,-8.49405
120,158,-8.49241
122,158,-8.49083
124,158,-8.4893
126,158,-8.48782
128,158,-8.48641
130,158,-8.48507
132,158,-8.48379
134,158,-8.48257
136,158,-8.48143
138,158,-8.48035
140,158,-8.47935
142,158,-8.47841
144,158,-8.47754
146,158,-8.47674
148,158,-8.476
150,158,-8.47533
152,158,-8.47471
154,158,-8.47415
156,158,-8.47365
158,158,-8.4732
160,158,-8.47279
162,158,-8.47243
164,158,-8.4721
166,158,-8.47181
168,158,-8.47155
170,158,-8.47132
172,158,-8.47111
174,158,-8.47092
176,158,-8.47075
178,158,-8.47059
180,158,-8.47044
-180,160,-9.32196
-178,160,-9.32151
-176,160,-9.32107
-174,160,-9.32064
-172,160,-9.32023
-170,160,-9.31982
-168,160,-9.31942
-166,160,-9.31903
-164,160,-9.31866
-162,160,-9.3183
-160,160,-9.31795
-158,160,-9.31763
-156,160,-9.31732
-154,160,-9.31705
-152,160,-9.3168
-150,160,-9.31658
-148,160,-9.3164
-146,160,-9.31625
-144,160,-9.31615
-142,160,-9.3161
-140,160,-9.3161
-138,160,-9.31615
-136,160,-9.31626
-134,160,-9.31643
-132,160,-9.31667
-130,160,-9.31697
-128,160,-9.31735
-126,160,-9.3178
-124,160,-9.31832
-122,160,-9.31892
-120,160,-9.3196
-118,160,-9.32036
-116,160,-9.3212
-114,160,-9.32212
-112,160,-9.32311
-110,160,-9.32419
-108,160,-9.32535
-106,160,-9.32658
-104,160,-9.32788
-102,160,-9.32926
-100,160,-9.33071
-98,160,-9.33222
-96,160,-9.3338
-94,160,-9.33544
-92,160,-9.33713
-90,160,-9.33887
-88,160,-9.34066
-86,160,-9.34249
-84,160,-9.34436
-82,160,-9.34626
-80,160,-9.34819
-78,160,-9.35014
-76,160,-9.35211
-74,160,-9.35409
-72,160,-9.35608
-70,160,-9.35807
-68,160,-9.36005
-66,160,-9.36203
-64,160,-9.36399
-62,160,-9.36594
-60,160,-9.36787
-58,160,-9.36977
-56,160,-9.37164
-54,160,-9.37348
-52,160,-9.37528
-50,160,-9.37704
-48,160,-9.37877
-46,160,-9.38044
-44,160,-9.38207
-42,160,-9.38366
-40,160,-9.38519
-38,160,-9.38667
-36,160,-9.38809
-34,160,-9.38947
-32,160,-9.39078
-30,160,-9.39205
-28,160,-9.39326
-26,160,-9.39441
-24,160,-9.3955
-22,160,-9.39655
-20,160,-9.39753
-18,160,-9.39847
-16,160,-9.39935
-14,160,-9.40017
-12,160,-9.40095
-10,160,-9.40167
-8,160,-9.40235
-6,160,-9.40297
-4,160,-9.40354
-2,160,-9.40407
0,160,-9.40455
2,160,-9.40498
4,160,-9.40537
6,160,-9.40571
8,160,-9.40601
10,160,-9.40626
12,160,-9.40647
14,160,-9.40664
16,160,-9.40676
18,160,-9.40684
20,160,-9.40688
22,160,-9.40687
24,160,-9.40682
26,160,-9.40673
28,160,-9.40659
30,160,-9.40641
32,160,-9.40618
34,160,-9.40591
36,160,-9.40559
38,160,-9.40522
40,160,-9.4048
42,160,-9.40433
44,160,-9.40381
46,160,-9.40324
48,160,-9.40262
50,160,-9.40194
52,160,-9.40121
54,160,-9.40043
56,160,-9.39959
58,160,-9.39869
60,160,-9.39774
62,160,-9.39672
64,160,-9.39565
66,160,-9.39453
68,160,-9.39334
70,160,-9.39211
72,160,-9.39081
74,160,-9.38946
76,160,-9.38806
78,160,-9.38661
80,160,-9.38511
82,160,-9.38356
84,160,-9.38197
86,160,-9.38033
88,160,-9.37866
90,160,-9.37696
92,160,-9.37523
94,160,-9.37347
96,160,-9.37168
98,160,-9.36989
100,160,-9.36807
102,160,-9.36626
104,160,-9.36443
106,160,-9.36262
108,160,-9.3608
110,160,-9.359
112,160,-9.35722
114,160,-9.35546
116,160,-9.35373
118,160,-9.35202
120,160,-9.35035
122,160,-9.34872
124,160,-9.34713
126,160,-9.34559
128,160,-9.34409
130,160,-9.34265
132,160,-9.34126
134,160,-9.33992
136,160,-9.33863
138,160,-9.33741
140,160,-9.33623
142,160,-9.33512
144,160,-9.33406
146,160,-9.33305
148,160,-9.33209
150,160,-9.33119
152,160,-9.33033
154,160,-9.32952
156,160,-9.32876
158,160,-9.32803
160,160,-9.32735
162,160,-9.3267
164,160,-9.32608
166,160,-9.32549
168,160,-9.32493
170,160,-9.32439
172,160,-9.32387
174,160,-9.32337
176,160,-9.32288
178,160,-9.32241
180,160,-9.32196
-180,162,-10.2592
-178,162,-10.2584
-176,162,-10.2576
-174,162,-10.2569
-172,162,-10.2561
-170,162,-10.2554
-168,162,-10.2547
-166,162,-10.254
-164,162,-10.2533
-162,162,-10.2527
-160,162,-10.2521
-158,162,-10.2515
-156,162,-10.2509
-154,162,-10.2504
-152,162,-10.2499
-150,162,-10.2494
-148,162,-10.249
-146,162,-10.2487
-144,162,-10.2484
-142,162,-10.2482
-140,162,-10.248
-138,162,-10.2479
-136,162,-10.2478
-134,162,-10.2479
-132,162,-10.248
-130,162,-10.2482
-128,162,-10.2484
-126,162,-10.2488
-124,162,-10.2492
-122,162,-10.2498
-120,162,-10.2504
-118,162,-10.2511
-116,162,-10.2519
-114,162,-10.2528
-112,162,-10.2538
-110,162,-10.2549
-108,162,-10.256
-106,162,-10.2573
-104,162,-10.2586
-102,162,-10.2601
-100,162,-10.2616
-98,162,-10.2632
-96,162,-10.2648
-94,162,-10.2665
-92,162,-10.2683
-90,162,-10.2702
-88,162,-10.2721
-86,162,-10.274
-84,162,-10.276
-82,162,-10.2781
-80,162,-10.2802
-78,162,-10.2823
-76,162,-10.2844
-74,162,-10.2866
-72,162,-10.2887
-70,162,-10.2909
-68,162,-10.2931
-66,162,-10.2953
-64,162,-10.2974
-62,162,-10.2996
-60,162,-10.3018
-58,162,-10.3039
-56,162,-10.306
-54,162,-10.308
-52,162,-10.3101
-50,162,-10.3121
-48,162,-10.314
-46,162,-10.316
-44,162,-10.3178
-42,162,-10.3197
-40,162,-10.3214
-38,162,-10.3232
-36,162,-10.3248
-34,162,-10.3264
-32,162,-10.328
-30,162,-10.3295
-28,162,-10.3309
-26,162,-10.3323
-24,162,-10.3336
-22,162,-10.3349
-20,162,-10.3361
-18,162,-10.3372
-16,162,-10.3383
-14,162,-10.3394
-12,162,-10.3403
-10,162,-10.3412
-8,162,-10.3421
-6,162,-10.3429
-4,162,-10.3436
-2,162,-10.3443
0,162,-10.345
2,162,-10.3456
4,162,-10.3461
6,162,-10.3466
8,162,-10.347
10,162,-10.3474
12,162,-10.3478
14,162,-10.348
16,162,-10.3483
18,162,-10.3485
20,162,-10.3486
22,162,-10.3487
24,162,-10.3488
26,162,-10.3488
28,162,-10.3487
30,162,-10.3486
32,162,-10.3485
34,162,-10.3483
36,162,-10.3481
38,162,-10.3478
40,162,-10.3475
42,162,-10.3471
44,162,-10.3466
46,162,-10.3461
48,162,-10.3456
50,162,-10.345
52,162,-10.3443
54,162,-10.3436
56,162,-10.3429
58,162,-10.342
60,162,-10.3412
62,162,-10.3402
64,162,-10.3392
66,162,-10.3382
68,162,-10.3371
70,162,-10.3359
72,162,-10.3347
74,162,-10.3334
76,162,-10.3321
78,162,-10.3307
80,162,-10.3293
82,162,-10.3278
84,162,-10.3263
86,162,-10.3247
88,162,-10.3231
90,162,-10.3215
92,162,-10.3198
94,162,-10.3181
96,162,-10.3164
98,162,-10.3146
100,162,-10.3128
102,162,-10.311
104,162,-10.3092
106,162,-10.3074
108,162,-10.3056
110,162,-10.3038
112,162,-10.302
114,162,-10.3002
116,162,-10.2985
118,162,-10.2967
120,162,-10.295
122,162,-10.2933
124,162,-10.2916
126,162,-10.2899
128,162,-10.2883
130,162,-10.2868
132,162,-10.2852
134,162,-10.2837
136,162,-10.2823
138,162,-10.2809
140,162,-10.2795
142,162,-10.2782
144,162,-10.2769
146,162,-10.2756
148,162,-10.2744
150,162,-10.2732
152,162,-10.2721
154,162,-10.271
156,162,-10.27
158,162,-10.2689
160,162,-10.2679
162,162,-10.267
164,162,-10.266
166,162,-10.2651
168,162,-10.2642
170,162,-10.2633
172,162,-10.2625
174,162,-10.2616
176,162,-10.2608
178,162,-10.26
180,162,-10.2592
-180,164,-11.3022
-178,164,-11.3011
-176,164,-11.2999
-174,164,-11.2988
-172,164,-11.2977
-170,164,-11.2966
-168,164,-11.2956
-166,164,-11.2945
-164,164,-11.2935
-162,164,-11.2926
-160,164,-11.2917
-158,164,-11.2908
-156,164,-11.2899
-154,164,-11.2891
-152,164,-11.2883
-150,164,-11.2877
-148,164,-11.287
-146,164,-11.2864
-144,164,-11.2859
-142,164,-11.2855
-140,164,-11.2851
-138,164,-11.2848
-136,164,-11.2846
-134,164,-11.2845
-132,164,-11.2845
-130,164,-11.2845
-128,164,-11.2847
-126,164,-11.2849
-124,164,-11.2853
-122,164,-11.2858
-120,164,-11.2863
-118,164,-11.287
-116,164,-11.2878
-114,164,-11.2886
-112,164,-11.2896
-110,164,-11.2907
-108,164,-11.2919
-106,164,-11.2931
-104,164,-11.2945
-102,164,-11.296
-100,164,-11.2975
-98,164,-11.2992
-96,164,-11.3009
-94,164,-11.3027
-92,164,-11.3046
-90,164,-11.3066
-88,164,-11.3086
-86,164,-11.3107
-84,164,-11.3129
-82,164,-11.3151
-80,164,-11.3173
-78,164,-11.3196
-76,164,-11.3219
-74,164,-11.3243
-72,164,-11.3267
-70,164,-11.329
-68,164,-11.3314
-66,164,-11.3339
-64,164,-11.3363
-62,164,-11.3387
-60,164,-11.3411
-58,164,-11.3434
-56,164,-11.3458
-54,164,-11.3481
-52,164,-11.3505
-50,164,-11.3527
-48,164,-11.355
-46,164,-11.3572
-44,164,-11.3593
-42,164,-11.3614
-40,164,-11.3635
-38,164,-11.3655
-36,164,-11.3674
-34,164,-11.3693
-32,164,-11.3712
-30,164,-11.373
-28,164,-11.3747
-26,164,-11.3763
-24,164,-11.3779
-22,164,-11.3795
-20,164,-11.3809
-18,164,-11.3824
-16,164,-11.3837
-14,164,-11.385
-12,164,-11.3862
-10,164,-11.3874
-8,164,-11.3885
-6,164,-11.3895
-4,164,-11.3905
-2,164,-11.3914
0,164,-11.3922
2,164,-11.393
4,164,-11.3938
6,164,-11.3944
8,164,-11.3951
10,164,-11.3956
12,164,-11.3961
14,164,-11.3966
16,164,-11.397
18,164,-11.3974
20,164,-11.3977
22,164,-11.3979
24,164,-11.3981
26,164,-11.3982
28,164,-11.3983
30,164,-11.3983
32,164,-11.3983
34,164,-11.3983
36,164,-11.3981
38,164,-11.398
40,164,-11.3977
42,164,-11.3974
44,164,-11.3971
46,164,-11.3967
48,164,-11.3962
50,164,-11.3957
52,164,-11.3952
54,164,-11.3945
56,164,-11.3939
58,164,-11.3931
60,164,-11.3923
62,164,-11.3915
64,164,-11.3905
66,164,-11.3896
68,164,-11.3885
70,164,-11.3874
72,164,-11.3863
74,164,-11.3851
76,164,-11.3838
78,164,-11.3825
80,164,-11.3811
82,164,-11.3797
84,164,-11.3782
86,164,-11.3767
88,164,-11.3752
90,164,-11.3736
92,164,-11.3719
94,164,-11.3702
96,164,-11.3685
98,164,-11.3668
100,164,-11.365
102,164,-11.3632
104,164,-11.3614
106,164,-11.3596
108,164,-11.3577
110,164,-11.3559
112,164,-11.354
114,164,-11.3522
116,164,-11.3503
118,164,-11.3485
120,164,-11.3466
122,164,-11.3448
124,164,-11.343
126,164,-11.3412
128,164,-11.3395
130,164,-11.3377
132,164,-11.336
134,164,-11.3343
136,164,-11.3326
138,164,-11.331
140,164,-11.3294
142,164,-11.3278
144,164,-11.3262
146,164,-11.3247
148,164,-11.3232
150,164,-11.3217
152,164,-11.3203
154,164,-11.3188
156,164,-11.3174
158,164,-11.3161
160,164,-11.3147
162,164,-11.3134
164,164,-11.3121
166,164,-11.3108
168,164,-11.3095
170,164,-11.3083
172,164,-11.307
174,164,-11.3058
176,164,-11.3046
178,164,-11.3034
180,164,-11.3022
-180,166,-12.4792
-178,166,-12.4777
-176,166,-12.4761
-174,166,-12.4746
-172,166,-12.4731
-170,166,-12.4716
-168,166,-12.4701
-166,166,-12.4687
-164,166,-12.4674
-162,166,-12.4661
-160,166,-12.4648
-158,166,-12.4635
-156,166,-12.4624
-154,166,-12.4613
-152,166,-12.4602
-150,166,-12.4592
-148,166,-12.4583
-146,166,-12.4575
-144,166,-12.4567
-142,166,-12.4561
-140,166,-12.4555
-138,166,-12.455
-136,166,-12.4546
-134,166,-12.4543
-132,166,-12.4541
-130,166,-12.4541
-128,166,-12.4541
-126,166,-12.4542
-124,166,-12.4545
-122,166,-12.4549
-120,166,-12.4554
-118,166,-12.456
-116,166,-12.4567
-114,166,-12.4575
-112,166,-12.4585
-110,166,-12.4596
-108,166,-12.4608
-106,166,-12.4621
-104,166,-12.4635
-102,166,-12.465
-100,166,-12.4666
-98,166,-12.4684
-96,166,-12.4702
-94,166,-12.4721
-92,166,-12.4741
-90,166,-12.4762
-88,166,-12.4784
-86,166,-12.4806
-84,166,-12.483
-82,166,-12.4854
-80,166,-12.4878
-78,166,-12.4903
-76,166,-12.4928
-74,166,-12.4954
-72,166,-12.498
-70,166,-12.5007
-68,166,-12.5033
-66,166,-12.506
-64,166,-12.5087
-62,166,-12.5114
-60,166,-12.5141
-58,166,-12.5168
-56,166,-12.5194
-54,166,-12.5221
-52,166,-12.5247
-50,166,-12.5273
-48,166,-12.5299
-46,166,-12.5324
-44,166,-12.5349
-42,166,-12.5374
-40,166,-12.5398
-38,166,-12.5421
-36,166,-12.5444
-34,166,-12.5467
-32,166,-12.5489
-30,166,-12.551
-28,166,-12.5531
-26,166,-12.5551
-24,166,-12.557
-22,166,-12.5589
-20,166,-12.5607
-18,166,-12.5625
-16,166,-12.5641
-14,166,-12.5657
-12,166,-12.5673
-10,166,-12.5688
-8,166,-12.5702
-6,166,-12.5715
-4,166,-12.5728
-2,166,-12.574
0,166,-12.5751
2,166,-12.5762
4,166,-12.5772
6,166,-12.5781
8,166,-12.579
10,166,-12.5798
12,166,-12.5806
14,166,-12.5812
16,166,-12.5819
18,166,-12.5824
20,166,-12.5829
22,166,-12.5834
24,166,-12.5838
26,166,-12.5841
28,166,-12.5844
30,166,-12.5846
32,166,-12.5847
34,166,-12.5848
36,166,-12.5848
38,166,-12.5848
40,166,-12.5847
42,166,-12.5845
44,166,-12.5843
46,166,-12.584
48,166,-12.5837
50,166,-12.5833
52,166,-12.5828
54,166,-12.5823
56,166,-12.5817
58,166,-12.5811
60,166,-12.5803
62,166,-12.5796
64,166,-12.5787
66,166,-12.5778
68,166,-12.5768
70,166,-12.5758
72,166,-12.5747
74,166,-12.5736
76,166,-12.5723
78,166,-12.5711
80,166,-12.5697
82,166,-12.5683
84,166,-12.5669
86,166,-12.5654
88,166,-12.5638
90,166,-12.5622
92,166,-12.5606
94,166,-12.5589
96,166,-12.5571
98,166,-12.5554
100,166,-12.5536
102,166,-12.5517
104,166,-12.5498
106,166,-12.5479
108,166,-12.546
110,166,-12.5441
112,166,-12.5421
114,166,-12.5401
116,166,-12.5382
118,166,-12.5362
120,166,-12.5342
122,166,-12.5322
124,166,-12.5302
126,166,-12.5282
128,166,-12.5262
130,166,-12.5242
132,166,-12.5222
134,166,-12.5203
136,166,-12.5183
138,166,-12.5164
140,166,-12.5144
142,166,-12.5125
144,166,-12.5106
146,166,-12.5087
148,166,-12.5069
150,166,-12.505
152,166,-12.5032
154,166,-12.5014
156,166,-12.4996
158,166,-12.4978
160,166,-12.496
162,166,-12.4943
164,166,-12.4925
166,166,-12.4908
168,166,-12.4891
170,166,-12.4874
172,166,-12.4858
174,166,-12.4841
176,166,-12.4825
178,166,-12.4808
180,166,-12.4792
-180,168,-13.8317
-178,168,-13.8296
-176,168,-13.8275
-174,168,-13.8255
-172,168,-13.8235
-170,168,-13.8216
-168,168,-13.8197
-166,168,-13.8179
-164,168,-13.8161
-162,168,-13.8143
-160,168,-13.8126
-158,168,-13.811
-156,168,-13.8095
-154,168,-13.808
-152,168,-13.8066
-150,168,-13.8053
-148,168,-13.8041
-146,168,-13.803
-144,168,-13.8019
-142,168,-13.801
-140,168,-13.8002
-138,168,-13.7995
-136,168,-13.7989
-134,168,-13.7984
-132,168,-13.798
-130,168,-13.7978
-128,168,-13.7977
-126,168,-13.7977
-124,168,-13.7978
-122,168,-13.7981
-120,168,-13.7985
-118,168,-13.7991
-116,168,-13.7997
-114,168,-13.8006
-112,168,-13.8015
-110,168,-13.8026
-108,168,-13.8038
-106,168,-13.8051
-104,168,-13.8066
-102,168,-13.8082
-100,168,-13.8099
-98,168,-13.8118
-96,168,-13.8137
-94,168,-13.8158
-92,168,-13.8179
-90,168,-13.8202
-88,168,-13.8226
-86,168,-13.825
-84,168,-13.8275
-82,168,-13.8302
-80,168,-13.8328
-78,168,-13.8356
-76,168,-13.8384
-74,168,-13.8413
-72,168,-13.8442
-70,168,-13.8471
-68,168,-13.8501
-66,168,-13.8531
-64,168,-13.8562
-62,168,-13.8592
-60,168,-13.8623
-58,168,-13.8653
-56,168,-13.8684
-54,168,-13.8714
-52,168,-13.8745
-50,168,-13.8775
-48,168,-13.8805
-46,168,-13.8834
-44,168,-13.8864
-42,168,-13.8893
-40,168,-13.8921
-38,168,-13.8949
-36,168,-13.8977
-34,168,-13.9004
-32,168,-13.903
-30,168,-13.9056
-28,168,-13.9081
-26,168,-13.9106
-24,168,-13.9129
-22,168,-13.9153
-20,168,-13.9175
-18,168,-13.9197
-16,168,-13.9218
-14,168,-13.9238
-12,168,-13.9258
-10,168,-13.9277
-8,168,-13.9295
-6,168,-13.9312
-4,168,-13.9329
-2,168,-13.9345
0,168,-13.936
2,168,-13.9375
4,168,-13.9388
6,168,-13.9401
8,168,-13.9414
10,168,-13.9425
12,168,-13.9436
14,168,-13.9446
16,168,-13.9455
18,168,-13.9464
20,168,-13.9472
22,168,-13.9479
24,168,-13.9485
26,168,-13.9491
28,168,-13.9496
30,168,-13.9501
32,168,-13.9504
34,168,-13.9507
36,168,-13.951
38,168,-13.9511
40,168,-13.9512
42,168,-13.9512
44,168,-13.9512
46,168,-13.951
48,168,-13.9508
50,168,-13.9506
52,168,-13.9502
54,168,-13.9498
56,168,-13.9493
58,168,-13.9488
60,168,-13.9481
62,168,-13.9474
64,168,-13.9467
66,168,-13.9458
68,168,-13.9449
70,168,-13.9439
72,168,-13.9428
74,168,-13.9417
76,168,-13.9405
78,168,-13.9392
80,168,-13.9379
82,168,-13.9365
84,168,-13.935
86,168,-13.9335
88,168,-13.9319
90,168,-13.9302
92,168,-13.9285
94,168,-13.9268
96,168,-13.9249
98,168,-13.9231
100,168,-13.9211
102,168,-13.9192
104,168,-13.9172
106,168,-13.9151
108,168,-13.913
110,168,-13.9109
112,168,-13.9088
114,168,-13.9066
116,168,-13.9044
118,168,-13.9021
120,168,-13.8999
122,168,-13.8976
124,168,-13.8953
126,168,-13.893
128,168,-13.8907
130,168,-13.8884
132,168,-13.8861
134,168,-13.8838
136,168,-13.8814
138,168,-13.8791
140,168,-13.8768
142,168,-13.8744
144,168,-13.8721
146,168,-13.8698
148,168,-13.8674
150,168,-13.8651
152,168,-13.8628
154,168,-13.8605
156,168,-13.8582
158,168,-13.8559
160,168,-13.8536
162,168,-13.8514
164,168,-13.8491
166,168,-13.8469
168,168,-13.8446
170,168,-13.8424
172,168,-13.8402
174,168,-13.8381
176,168,-13.8359
178,168,-13.8338
180,168,-13.8317
-180,170,-15.4238
-178,170,-15.4211
-176,170,-15.4184
-174,170,-15.4158
-172,170,-15.4132
-170,170,-15.4107
-168,170,-15.4083
-166,170,-15.4059
-164,170,-15.4035
-162,170,-15.4013
-160,170,-15.3991
-158,170,-15.397
-156,170,-15.395
-154,170,-15.3931
-152,170,-15.3913
-150,170,-15.3896
-148,170,-15.388
-146,170,-15.3865
-144,170,-15.3851
-142,170,-15.3839
-140,170,-15.3828
-138,170,-15.3818
-136,170,-15.3809
-134,170,-15.3802
-132,170,-15.3796
-130,170,-15.3792
-128,170,-15.3789
-126,170,-15.3788
-124,170,-15.3788
-122,170,-15.379
-120,170,-15.3793
-118,170,-15.3798
-116,170,-15.3804
-114,170,-15.3812
-112,170,-15.3822
-110,170,-15.3833
-108,170,-15.3846
-106,170,-15.386
-104,170,-15.3875
-102,170,-15.3892
-100,170,-15.3911
-98,170,-15.393
-96,170,-15.3952
-94,170,-15.3974
-92,170,-15.3998
-90,170,-15.4023
-88,170,-15.4049
-86,170,-15.4076
-84,170,-15.4104
-82,170,-15.4133
-80,170,-15.4163
-78,170,-15.4194
-76,170,-15.4226
-74,170,-15.4259
-72,170,-15.4292
-70,170,-15.4325
-68,170,-15.4359
-66,170,-15.4394
-64,170,-15.4429
-62,170,-15.4464
-60,170,-15.45
-58,170,-15.4535
-56,170,-15.4571
-54,170,-15.4607
-52,170,-15.4643
-50,170,-15.4678
-48,170,-15.4714
-46,170,-15.4749
-44,170,-15.4784
-42,170,-15.4819
-40,170,-15.4853
-38,170,-15.4887
-36,170,-15.4921
-34,170,-15.4954
-32,170,-15.4986
-30,170,-15.5018
-28,170,-15.5049
-26,170,-15.508
-24,170,-15.511
-22,170,-15.5139
-20,170,-15.5168
-18,170,-15.5196
-16,170,-15.5223
-14,170,-15.5249
-12,170,-15.5275
-10,170,-15.5299
-8,170,-15.5323
-6,170,-15.5346
-4,170,-15.5369
-2,170,-15.539
0,170,-15.541
2,170,-15.543
4,170,-15.5449
6,170,-15.5467
8,170,-15.5484
10,170,-15.55
12,170,-15.5516
14,170,-15.553
16,170,-15.5544
18,170,-15.5557
20,170,-15.5569
22,170,-15.558
24,170,-15.559
26,170,-15.5599
28,170,-15.5608
30,170,-15.5615
32,170,-15.5622
34,170,-15.5628
36,170,-15.5633
38,170,-15.5637
40,170,-15.5641
42,170,-15.5643
44,170,-15.5645
46,170,-15.5646
48,170,-15.5645
50,170,-15.5644
52,170,-15.5642
54,170,-15.564
56,170,-15.5636
58,170,-15.5632
60,170,-15.5626
62,170,-15.562
64,170,-15.5613
66,170,-15.5605
68,170,-15.5596
70,170,-15.5586
72,170,-15.5575
74,170,-15.5564
76,170,-15.5552
78,170,-15.5538
80,170,-15.5525
82,170,-15.551
84,170,-15.5494
86,170,-15.5478
88,170,-15.5461
90,170,-15.5443
92,170,-15.5424
94,170,-15.5405
96,170,-15.5384
98,170,-15.5364
100,170,-15.5342
102,170,-15.532
104,170,-15.5298
106,170,-15.5274
108,170,-15.5251
110,170,-15.5226
112,170,-15.5202
114,170,-15.5176
116,170,-15.5151
118,170,-15.5125
120,170,-15.5098
122,170,-15.5071
124,170,-15.5044
126,170,-15.5016
128,170,-15.4989
130,170,-15.4961
132,170,-15.4932
134,170,-15.4904
136,170,-15.4875
138,170,-15.4846
140,170,-15.4817
142,170,-15.4788
144,170,-15.4759
146,170,-15.4729
148,170,-15.47
150,170,-15.467
152,170,-15.4641
154,170,-15.4611
156,170,-15.4582
158,170,-15.4553
160,170,-15.4523
162,170,-15.4494
164,170,-15.4465
166,170,-15.4435
168,170,-15.4407
170,170,-15.4378
172,170,-15.4349
174,170,-15.4321
176,170,-15.4293
178,170,-15.4265
180,170,-15.4238
-180,172,-17.363
-178,172,-17.3595
-176,172,-17.356
-174,172,-17.3525
-172,172,-17.3492
-170,172,-17.3459
-168,172,-17.3427
-166,172,-17.3396
-164,172,-17.3365
-162,172,-17.3336
-160,172,-17.3308
-158,172,-17.3281
-156,172,-17.3255
-154,172,-17.323
-152,172,-17.3206
-150,172,-17.3184
-148,172,-17.3163
-146,172,-17.3143
-144,172,-17.3125
-142,172,-17.3108
-140,172,-17.3093
-138,172,-17.308
-136,172,-17.3068
-134,172,-17.3058
-132,172,-17.305
-130,172,-17.3043
-128,172,-17.3038
-126,172,-17.3035
-124,172,-17.3034
-122,172,-17.3034
-120,172,-17.3037
-118,172,-17.3041
-116,172,-17.3047
-114,172,-17.3055
-112,172,-17.3065
-110,172,-17.3077
-108,172,-17.309
-106,172,-17.3105
-104,172,-17.3122
-102,172,-17.3141
-100,172,-17.3161
-98,172,-17.3184
-96,172,-17.3207
-94,172,-17.3233
-92,172,-17.326
-90,172,-17.3288
-88,172,-17.3318
-86,172,-17.3349
-84,172,-17.3381
-82,172,-17.3415
-80,172,-17.345
-78,172,-17.3486
-76,172,-17.3523
-74,172,-17.3561
-72,172,-17.36
-70,172,-17.3639
-68,172,-17.368
-66,172,-17.3721
-64,172,-17.3762
-62,172,-17.3805
-60,172,-17.3847
-58,172,-17.389
-56,172,-17.3933
-54,172,-17.3977
-52,172,-17.402
-50,172,-17.4064
-48,172,-17.4108
-46,172,-17.4151
-44,172,-17.4195
-42,172,-17.4238
-40,172,-17.4281
-38,172,-17.4323
-36,172,-17.4366
-34,172,-17.4407
-32,172,-17.4449
-30,172,-17.449
-28,172,-17.453
-26,172,-17.4569
-24,172,-17.4608
-22,172,-17.4646
-20,172,-17.4684
-18,172,-17.4721
-16,172,-17.4757
-14,172,-17.4792
-12,172,-17.4826
-10,172,-17.4859
-8,172,-17.4891
-6,172,-17.4923
-4,172,-17.4953
-2,172,-17.4983
0,172,-17.5011
2,172,-17.5039
4,172,-17.5065
6,172,-17.5091
8,172,-17.5115
10,172,-17.5138
12,172,-17.5161
14,172,-17.5182
16,172,-17.5202
18,172,-17.5221
20,172,-17.5239
22,172,-17.5256
24,172,-17.5272
26,172,-17.5286
28,172,-17.53
30,172,-17.5313
32,172,-17.5324
34,172,-17.5334
36,172,-17.5343
38,172,-17.5351
40,172,-17.5358
42,172,-17.5364
44,172,-17.5369
46,172,-17.5372
48,172,-17.5375
50,172,-17.5376
52,172,-17.5376
54,172,-17.5375
56,172,-17.5373
58,172,-17.537
60,172,-17.5365
62,172,-17.5359
64,172,-17.5353
66,172,-17.5345
68,172,-17.5336
70,172,-17.5326
72,172,-17.5315
74,172,-17.5302
76,172,-17.5289
78,172,-17.5274
80,172,-17.5259
82,172,-17.5242
84,172,-17.5224
86,172,-17.5205
88,172,-17.5186
90,172,-17.5165
92,172,-17.5143
94,172,-17.512
96,172,-17.5097
98,172,-17.5072
100,172,-17.5046
102,172,-17.502
104,172,-17.4993
106,172,-17.4965
108,172,-17.4936
110,172,-17.4906
112,172,-17.4876
114,172,-17.4845
116,172,-17.4813
118,172,-17.478
120,172,-17.4747
122,172,-17.4714
124,172,-17.468
126,172,-17.4645
128,172,-17.461
130,172,-17.4574
132,172,-17.4538
134,172,-17.4502
136,172,-17.4465
138,172,-17.4427
140,172,-17.439
142,172,-17.4352
144,172,-17.4314
146,172,-17.4276
148,172,-17.4238
150,172,-17.4199
152,172,-17.4161
154,172,-17.4122
156,172,-17.4083
158,172,-17.4044
160,172,-17.4006
162,172,-17.3967
164,172,-17.3929
166,172,-17.389
168,172,-17.3852
170,172,-17.3814
172,172,-17.3777
174,172,-17.3739
176,172,-17.3703
178,172,-17.3666
180,172,-17.363
-180,174,-19.8498
-178,174,-19.845
-176,174,-19.8402
-174,174,-19.8356
-172,174,-19.831
-170,174,-19.8266
-168,174,-19.8222
-166,174,-19.818
-164,174,-19.8139
-162,174,-19.81
-160,174,-19.8061
-158,174,-19.8025
-156,174,-19.799
-154,174,-19.7956
-152,174,-19.7924
-150,174,-19.7894
-148,174,-19.7866
-146,174,-19.7839
-144,174,-19.7815
-142,174,-19.7792
-140,174,-19.7772
-138,174,-19.7753
-136,174,-19.7737
-134,174,-19.7722
-132,174,-19.771
-130,174,-19.77
-128,174,-19.7693
-126,174,-19.7687
-124,174,-19.7684
-122,174,-19.7683
-120,174,-19.7685
-118,174,-19.7689
-116,174,-19.7695
-114,174,-19.7703
-112,174,-19.7714
-110,174,-19.7727
-108,174,-19.7742
-106,174,-19.7759
-104,174,-19.7779
-102,174,-19.7801
-100,174,-19.7825
-98,174,-19.7851
-96,174,-19.788
-94,174,-19.791
-92,174,-19.7942
-90,174,-19.7976
-88,174,-19.8013
-86,174,-19.805
-84,174,-19.809
-82,174,-19.8131
-80,174,-19.8174
-78,174,-19.8218
-76,174,-19.8264
-74,174,-19.8311
-72,174,-19.8359
-70,174,-19.8409
-68,174,-19.8459
-66,174,-19.8511
-64,174,-19.8564
-62,174,-19.8617
-60,174,-19.8671
-58,174,-19.8726
-56,174,-19.8781
-54,174,-19.8837
-52,174,-19.8893
-50,174,-19.895
-48,174,-19.9007
-46,174,-19.9064
-44,174,-19.9121
-42,174,-19.9178
-40,174,-19.9234
-38,174,-19.9291
-36,174,-19.9348
-34,174,-19.9404
-32,174,-19.9459
-30,174,-19.9515
-28,174,-19.9569
-26,174,-19.9623
-24,174,-19.9677
-22,174,-19.973
-20,174,-19.9782
-18,174,-19.9833
-16,174,-19.9883
-14,174,-19.9932
-12,174,-19.9981
-10,174,-20.0028
-8,174,-20.0074
-6,174,-20.0119
-4,174,-20.0163
-2,174,-20.0206
0,174,-20.0248
2,174,-20.0288
4,174,-20.0327
6,174,-20.0365
8,174,-20.0401
10,174,-20.0436
12,174,-20.047
14,174,-20.0502
16,174,-20.0533
18,174,-20.0563
20,174,-20.0591
22,174,-20.0617
24,174,-20.0642
26,174,-20.0666
28,174,-20.0688
30,174,-20.0708
32,174,-20.0727
34,174,-20.0744
36,174,-20.076
38,174,-20.0774
40,174,-20.0787
42,174,-20.0798
44,174,-20.0808
46,174,-20.0815
48,174,-20.0822
50,174,-20.0826
52,174,-20.0829
54,174,-20.0831
56,174,-20.083
58,174,-20.0829
60,174,-20.0825
62,174,-20.082
64,174,-20.0813
66,174,-20.0805
68,174,-20.0795
70,174,-20.0784
72,174,-20.0771
74,174,-20.0756
76,174,-20.074
78,174,-20.0722
80,174,-20.0703
82,174,-20.0682
84,174,-20.066
86,174,-20.0636
88,174,-20.0611
90,174,-20.0584
92,174,-20.0556
94,174,-20.0526
96,174,-20.0495
98,174,-20.0463
100,174,-20.043
102,174,-20.0395
104,174,-20.0359
106,174,-20.0322
108,174,-20.0283
110,174,-20.0244
112,174,-20.0203
114,174,-20.0161
116,174,-20.0119
118,174,-20.0075
120,174,-20.003
122,174,-19.9985
124,174,-19.9939
126,174,-19.9891
128,174,-19.9843
130,174,-19.9795
132,174,-19.9745
134,174,-19.9696
136,174,-19.9645
138,174,-19.9594
140,174,-19.9542
142,174,-19.9491
144,174,-19.9438
146,174,-19.9386
148,174,-19.9333
150,174,-19.928
152,174,-19.9226
154,174,-19.9173
156,174,-19.912
158,174,-19.9066
160,174,-19.9013
162,174,-19.896
164,174,-19.8907
166,174,-19.8854
168,174,-19.8802
170,174,-19.875
172,174,-19.8698
174,174,-19.8647
176,174,-19.8597
178,174,-19.8547
180,174,-19.8498
-180,176,-23.329
-178,176,-23.3218
-176,176,-23.3147
-174,176,-23.3078
-172,176,-23.301
-170,176,-23.2945
-168,176,-23.2881
-166,176,-23.2818
-164,176,-23.2758
-162,176,-23.27
-160,176,-23.2644
-158,176,-23.259
-156,176,-23.2539
-154,176,-23.249
-152,176,-23.2443
-150,176,-23.2399
-148,176,-23.2358
-146,176,-23.2319
-144,176,-23.2283
-142,176,-23.225
-140,176,-23.222
-138,176,-23.2192
-136,176,-23.2168
-134,176,-23.2146
-132,176,-23.2128
-130,176,-23.2113
-128,176,-23.21
-126,176,-23.2091
-124,176,-23.2085
-122,176,-23.2083
-120,176,-23.2083
-118,176,-23.2087
-116,176,-23.2093
-114,176,-23.2103
-112,176,-23.2117
-110,176,-23.2133
-108,176,-23.2152
-106,176,-23.2175
-104,176,-23.2201
-102,176,-23.2229
-100,176,-23.2261
-98,176,-23.2296
-96,176,-23.2333
-94,176,-23.2374
-92,176,-23.2417
-90,176,-23.2463
-88,176,-23.2512
-86,176,-23.2563
-84,176,-23.2617
-82,176,-23.2673
-80,176,-23.2731
-78,176,-23.2792
-76,176,-23.2855
-74,176,-23.292
-72,176,-23.2987
-70,176,-23.3056
-68,176,-23.3127
-66,176,-23.3199
-64,176,-23.3273
-62,176,-23.3348
-60,176,-23.3425
-58,176,-23.3503
-56,176,-23.3582
-54,176,-23.3662
-52,176,-23.3743
-50,176,-23.3824
-48,176,-23.3907
-46,176,-23.399
-44,176,-23.4073
-42,176,-23.4157
-40,176,-23.4241
-38,176,-23.4325
-36,176,-23.4409
-34,176,-23.4493
-32,176,-23.4577
-30,176,-23.466
-28,176,-23.4743
-26,176,-23.4826
-24,176,-23.4908
-22,176,-23.4989
-20,176,-23.5069
-18,176,-23.5149
-16,176,-23.5227
-14,176,-23.5304
-12,176,-23.5381
-10,176,-23.5456
-8,176,-23.5529
-6,176,-23.5601
-4,176,-23.5672
-2,176,-23.5741
0,176,-23.5809
2,176,-23.5874
4,176,-23.5938
6,176,-23.6001
8,176,-23.6061
10,176,-23.6119
12,176,-23.6176
14,176,-23.623
16,176,-23.6282
18,176,-23.6332
20,176,-23.638
22,176,-23.6425
24,176,-23.6469
26,176,-23.651
28,176,-23.6548
30,176,-23.6584
32,176,-23.6618
34,176,-23.665
36,176,-23.6678
38,176,-23.6705
40,176,-23.6728
42,176,-23.675
44,176,-23.6768
46,176,-23.6784
48,176,-23.6798
50,176,-23.6808
52,176,-23.6817
54,176,-23.6822
56,176,-23.6825
58,176,-23.6825
60,176,-23.6823
62,176,-23.6818
64,176,-23.6811
66,176,-23.68
68,176,-23.6787
70,176,-23.6772
72,176,-23.6754
74,176,-23.6733
76,176,-23.671
78,176,-23.6685
80,176,-23.6656
82,176,-23.6626
84,176,-23.6593
86,176,-23.6557
88,176,-23.6519
90,176,-23.6479
92,176,-23.6437
94,176,-23.6392
96,176,-23.6345
98,176,-23.6296
100,176,-23.6245
102,176,-23.6192
104,176,-23.6137
106,176,-23.6079
108,176,-23.602
110,176,-23.596
112,176,-23.5897
114,176,-23.5833
116,176,-23.5767
118,176,-23.57
120,176,-23.5631
122,176,-23.556
124,176,-23.5489
126,176,-23.5416
128,176,-23.5342
130,176,-23.5267
132,176,-23.519
134,176,-23.5113
136,176,-23.5035
138,176,-23.4957
140,176,-23.4877
142,176,-23.4797
144,176,-23.4717
146,176,-23.4636
148,176,-23.4555
150,176,-23.4473
152,176,-23.4392
154,176,-23.431
156,176,-23.4229
158,176,-23.4147
160,176,-23.4066
162,176,-23.3985
164,176,-23.3905
166,176,-23.3825
168,176,-23.3746
170,176,-23.3668
172,176,-23.359
174,176,-23.3513
176,176,-23.3438
178,176,-23.3363
180,176,-23.329
-180,178,-29.1744
-178,178,-29.1607
-176,178,-29.1474
-174,178,-29.1344
-172,178,-29.1218
-170,178,-29.1095
-168,178,-29.0975
-166,178,-29.086
-164,178,-29.0748
-162,178,-29.0641
-160,178,-29.0538
-158,178,-29.0439
-156,178,-29.0345
-154,178,-29.0255
-152,178,-29.017
-150,178,-29.0089
-148,178,-29.0014
-146,178,-28.9943
-144,178,-28.9878
-142,178,-28.9817
-140,178,-28.9762
-138,178,-28.9712
-136,178,-28.9667
-134,178,-28.9628
-132,178,-28.9594
-130,178,-28.9565
-128,178,-28.9542
-126,178,-28.9525
-124,178,-28.9513
-122,178,-28.9506
-120,178,-28.9506
-118,178,-28.951
-116,178,-28.9521
-114,178,-28.9536
-112,178,-28.9558
-110,178,-28.9585
-108,178,-28.9617
-106,178,-28.9655
-104,178,-28.9698
-102,178,-28.9747
-100,178,-28.9801
-98,178,-28.986
-96,178,-28.9925
-94,178,-28.9994
-92,178,-29.0069
-90,178,-29.0149
-88,178,-29.0233
-86,178,-29.0322
-84,178,-29.0416
-82,178,-29.0515
-80,178,-29.0618
-78,178,-29.0726
-76,178,-29.0837
-74,178,-29.0953
-72,178,-29.1073
-70,178,-29.1196
-68,178,-29.1324
-66,178,-29.1454
-64,178,-29.1589
-62,178,-29.1726
-60,178,-29.1866
-58,178,-29.201
-56,178,-29.2156
-54,178,-29.2305
-52,178,-29.2456
-50,178,-29.2609
-48,178,-29.2764
-46,178,-29.2922
-44,178,-29.308
-42,178,-29.3241
-40,178,-29.3402
-38,178,-29.3565
-36,178,-29.3728
-34,178,-29.3892
-32,178,-29.4057
-30,178,-29.4222
-28,178,-29.4387
-26,178,-29.4551
-24,178,-29.4716
-22,178,-29.488
-20,178,-29.5043
-18,178,-29.5205
-16,178,-29.5366
-14,178,-29.5526
-12,178,-29.5684
-10,178,-29.584
-8,178,-29.5995
-6,178,-29.6147
-4,178,-29.6297
-2,178,-29.6444
0,178,-29.6589
2,178,-29.6731
4,178,-29.6869
6,178,-29.7005
8,178,-29.7137
10,178,-29.7265
12,178,-29.739
14,178,-29.751
16,178,-29.7627
18,178,-29.7739
20,178,-29.7847
22,178,-29.7951
24,178,-29.8049
26,178,-29.8143
28,178,-29.8232
30,178,-29.8316
32,178,-29.8395
34,178,-29.8469
36,178,-29.8537
38,178,-29.86
40,178,-29.8657
42,178,-29.8709
44,178,-29.8755
46,178,-29.8795
48,178,-29.8829
50,178,-29.8858
52,178,-29.8881
54,178,-29.8898
56,178,-29.8909
58,178,-29.8914
60,178,-29.8913
62,178,-29.8906
64,178,-29.8894
66,178,-29.8875
68,178,-29.8851
70,178,-29.882
72,178,-29.8784
74,178,-29.8742
76,178,-29.8695
78,178,-29.8642
80,178,-29.8583
82,178,-29.8519
84,178,-29.8449
86,178,-29.8374
88,178,-29.8294
90,178,-29.8209
92,178,-29.8119
94,178,-29.8025
96,178,-29.7925
98,178,-29.7821
100,178,-29.7712
102,178,-29.76
104,178,-29.7483
106,178,-29.7362
108,178,-29.7237
110,178,-29.7109
112,178,-29.6977
114,178,-29.6841
116,178,-29.6703
118,178,-29.6562
120,178,-29.6418
122,178,-29.6271
124,178,-29.6122
126,178,-29.597
128,178,-29.5817
130,178,-29.5662
132,178,-29.5505
134,178,-29.5346
136,178,-29.5187
138,178,-29.5026
140,178,-29.4864
142,178,-29.4702
144,178,-29.4539
146,178,-29.4376
148,178,-29.4213
150,178,-29.405
152,178,-29.3887
154,178,-29.3725
156,178,-29.3563
158,178,-29.3403
160,178,-29.3243
162,178,-29.3084
164,178,-29.2927
166,178,-29.2772
168,178,-29.2618
170,178,-29.2467
172,178,-29.2317
174,178,-29.217
176,178,-29.2025
178,178,-29.1883
180,178,-29.1744
-180,180,-46.2197
-178,180,-46.2197
-176,180,-46.2197
-174,180,-46.2197
-172,180,-46.2197
-170,180,-46.2197
-168,180,-46.2197
-166,180,-46.2197
-164,180,-46.2197
-162,180,-46.2197
-160,180,-46.2197
-158,180,-46.2197
-156,180,-46.2197
-154,180,-46.2197
-152,180,-46.2197
-150,180,-46.2197
-148,180,-46.2197
-146,180,-46.2197
-144,180,-46.2197
-142,180,-46.2197
-140,180,-46.2197
-138,180,-46.2197
-136,180,-46.2197
-134,180,-46.2197
-132,180,-46.2197
-130,180,-46.2197
-128,180,-46.2197
-126,180,-46.2197
-124,180,-46.2197
-122,180,-46.2197
-120,180,-46.2197
-118,180,-46.2197
-116,180,-46.2197
-114,180,-46.2197
-112,180,-46.2197
-110,180,-46.2197
-108,180,-46.2197
-106,180,-46.2197
-104,180,-46.2197
-102,180,-46.2197
-100,180,-46.2197
-98,180,-46.2197
-96,180,-46.2197
-94,180,-46.2197
-92,180,-46.2197
-90,180,-46.2197
-88,180,-46.2197
-86,180,-46.2197
-84,180,-46.2197
-82,180,-46.2197
-80,180,-46.2197
-78,180,-46.2197
-76,180,-46.2197
-74,180,-46.2197
-72,180,-46.2197
-70,180,-46.2197
-68,180,-46.2197
-66,180,-46.2197
-64,180,-46.2197
-62,180,-46.2197
-60,180,-46.2197
-58,180,-46.2197
-56,180,-46.2197
-54,180,-46.2197
-52,180,-46.2197
-50,180,-46.2197
-48,180,-46.2197
-46,180,-46.2197
-44,180,-46.2197
-42,180,-46.2197
-40,180,-46.2197
-38,180,-46.2197
-36,180,-46.2197
-34,180,-46.2197
-32,180,-46.2197
-30,180,-46.2197
-28,180,-46.2197
-26,180,-46.2197
-24,180,-46.2197
-22,180,-46.2197
-20,180,-46.2197
-18,180,-46.2197
-16,180,-46.2197
-14,180,-46.2197
-12,180,-46.2197
-10,180,-46.2197
-8,180,-46.2197
-6,180,-46.2197
-4,180,-46.2197
-2,180,-46.2197
0,180,-46.2197
2,180,-46.2197
4,180,-46.2197
6,180,-46.2197
8,180,-46.2197
10,180,-46.2197
12,180,-46.2197
14,180,-46.2197
16,180,-46.2197
18,180,-46.2197
20,180,-46.2197
22,180,-46.2197
24,180,-46.2197
26,180,-46.2197
28,180,-46.2197
30,180,-46.2197
32,180,-46.2197
34,180,-46.2197
36,180,-46.2197
38,180,-46.2197
40,180,-46.2197
42,180,-46.2197
44,180,-46.2197
46,180,-46.2197
48,180,-46.2197
50,180,-46.2197
52,180,-46.2197
54,180,-46.2197
56,180,-46.2197
58,180,-46.2197
60,180,-46.2197
62,180,-46.2197
64,180,-46.2197
66,180,-46.2197
68,180,-46.2197
70,180,-46.2197
72,180,-46.2197
74,180,-46.2197
76,180,-46.2197
78,180,-46.2197
80,180,-46.2197
82,180,-46.2197
84,180,-46.2197
86,180,-46.2197
88,180,-46.2197
90,180,-46.2197
92,180,-46.2197
94,180,-46.2197
96,180,-46.2197
98,180,-46.2197
100,180,-46.2197
102,180,-46.2197
104,180,-46.2197
106,180,-46.2197
108,180,-46.2197
110,180,-46.2197
112,180,-46.2197
114,180,-46.2197
116,180,-46.2197
118,180,-46.2197
120,180,-46.2197
122,180,-46.2197
124,180,-46.2197
126,180,-46.2197
128,180,-46.2197
130,180,-46.2197
132,180,-46.2197
134,180,-46.2197
136,180,-46.2197
138,180,-46.2197
140,180,-46.2197
142,180,-46.2197
144,180,-46.2197
146,180,-46.2197
148,180,-46.2197
150,180,-46.2197
152,180,-46.2197
154,180,-46.2197
156,180,-46.2197
158,180,-46.2197
160,180,-46.2197
162,180,-46.2197
164,180,-46.2197
166,180,-46.2197
168,180,-46.2197
170,180,-46.2197
172,180,-46.2197
174,180,-46.2197
176,180,-46.2197
178,180,-46.2197
180,180,-46.2197
